Artist,Title,Album
999,Homicide,The Early Stuff
…And You Will Know Us By The Trail Of Dead,"How Near, How Far",Source Tags & Codes
13th Floor Elevators,You're Gonna Miss Me,The Psychedelic Sounds Of…
16 Horsepower,Praying Arm Lane,Secret South
6ths (feat. Mary Timony),All Dressed Up In Dreams,Wasps' Nests
7 Seconds,99 Red Balloons (by Nena),"Walk Together, Rock Together"
7 Seconds,Young Til I Die,The Crew
7 Year Bitch,The Scratch,Viva Zapata!
Action Swingers,Kicked In The Head,Quit While You're Ahead
"Adams, Ryan",Come Pick Me Up,Heartbreaker
"Adams, Ryan",Magnolia Mountain,Cold Roses
"Adams, Ryan","To Be Young (Is To Be Sad, Is To Be High)",Heartbreaker
Adolescents,Amoeba,Adolescents
Adorable,Sunshine Smile,Sunshine Smile
Adverts,Gary Gilmore's Eyes,Gary Gilmore's Eyes single
Aesop Rock,Coffee,None Shall Pass
Afghan Whigs,Miles Iz Ded,Congregation
Afghan Whigs,My Curse,Gentlemen
Against Me!,Black Me Out,Transgender Dysphoria Blues
Against Me!,Cliche Guevara,As The Eternal Cowboy
Against Me!,FuckMyLife666,Transgender Dysphoria Blues
Against Me!,I Was A Teenage Anarchist,Whie Crosses
Against Me!,Pints Of Guinness Make You Strong,Reinventing Axl Rose
Against Me!,Reinventing Axl Rose,Reinventing Axl Rose
Against Me!,True Trans Soul Rebel,Transgender Dysphoria Blues
Agent Orange,Bloodstains,Living In Darkness
Air Miami,I Hate Milk,Me. Me. Me.
AJJ,"Hate, Rain On Me",Knife Man
AJJ,People II: The Reckoning,People Who Can Eat People Are The Luckiest People In The World
AJJ,Scenesters,Candy Cigarettes & Cap Guns
Alkaline Trio,Clavicle,Goddamnit
Alkaline Trio,Maybe I'll Catch Fire,Maybe I'll Catch Fire
Alkaline Trio,Radio,Maybe I'll Catch Fire
Alkaline Trio,San Francisco,Goddamnit
ALL,Dot,Percolator
ALL,Nothin',Percolator
ALL,Postage,Allroy For Prez
Allo Darlin',My Heart Is A Drummer,Allo Darlin'
Alvvays,Adult Diversion,Alvvays
Alvvays,"Archie, Marry Me",Alvvays
Alvvays,Belinda Says,Blue Rev
Alvvays,Dreams Tonite,Antisocialites
Alvvays,In Undertow,Antisocialites
American Football,Never Meant,American Football
American Nightmare,AM/PM,Background Music
Amyl & The Sniffers,Big Dreams,Cartoon Darkness
Amyl & The Sniffers,Hertz,Comfort To Me
Angry Samoans,Get Off The Air,Inside My Brain
Annabelle Chairlegs,Candy Apple Red,Gotta Be In Love
Anniversary,The D In Detroit,Designing A Nervous Breakdown
Antemasque,In The Lurch,Antemasque
Anti-Flag,You've Got To Die For The Government,Die For The Government
Arcade Fire,Modern Man,The Suburbs
Arcade Fire,Neighborhood #1 (Tunnels),Funeral
Arcade Fire,Neighborhood #2 (Laika),Funeral
Arcade Fire,Neighborhood #3 (Power Out),Funeral
Archers Of Loaf,All The Nations Airports,All The Nations Airports
Archers Of Loaf,Harnessed In Slums,Vee Vee
Archers Of Loaf,Strangled By The Stereo Wire,All The Nation's Airports
Archers Of Loaf,Vocal Shrapnel,All The Nation's Airports
Archers Of Loaf,Web In Front,Icky Mettle
Archers Of Loaf,Wrong,Icky Mettle
Ariel Pink's Haunted Graffiti,Gettin' High In The Morning,House Arrest
Art Brut,Emily Kane,Bang Bang Rock & Roll
At The Drive-in,Chanbara,in/CASINO/OUT
At The Drive-in,Napoleon Solo,in/CASINO/OUT
At The Drive-In,One Armed Scissor,Relationship Of Command
At The Drive-In,Transatlantic Foe,in/CASINO/OUT
Au Pairs,Come Again,Playing With A Different Sex
Audacity,Punk Confusion,Mellow Cruisers
Audacity,Subway Girl,Mellow Cruisers
Avail,Simple Song,4AM Friday
Avengers,The American In Me,Avengers
Avengers,We Are The One,Avengers
B-52's,52 Girls,The B-52's
B-52's,Dance This Mess Around,The B-52's
B-52's,Lava,The B-52's
B-52's,Rock Lobster,The B-52's
Babes In Toyland,Bruise Violet,Bruise Violet single
Babes In Toyland,Swamp Pussy,Spanking Machine
Bachelor,Stay In The Car,Doomin' Sun
Bad Books,Pyotr,II
Bad Brains,Banned In D.C.,Bad Brains
Bad Brains,The Regulator (Version),New York Thrash
Bad Religion,21st Century Digital Boy,All Ages
Bad Religion,Against The Grain,Against The Grain
Bad Religion,American Jesus,Recipe For Hate
Bad Religion,I Want To Conquer The World,All Ages
Bad Religion,Joy To The World (Traditional),Holiday sampler
Bad Religion,You Are (The Government),Suffer
"Baker, Julien",Sour Breath,Turn Out The Lights
Band Of Horses,Laredo,Infinite Arms
Band Of Horses,The Funeral,Everything All The Time
"Barnett, Courtney",Avant Gardener,The Double EP: A Sea Of Split Peas
"Barnett, Courtney",Before You Gotta Go,"Things Take Time, Take Time"
"Barnett, Courtney",Depreston,"Sometimes I Sit And Think, And Sometimes I Just Sit"
"Barnett, Courtney",History Eraser,The Double EP: A Sea Of Split Peas
Basement,Covet,Colourmeinkindness
Bauhaus,Ziggy Stardust (by David Bowie),Crackle
Be Your Own Pet,Becky,Get Damaged
Beach Bunny,Prom Queen,Prom Queen
Beach House,Myth,Bloom
Beaches,Blame Brett,Blame My Ex
Beat (Paul Collins),Rock N Roll Girl,The Beat
Beat Happening,Cast A Shadow,Black Candy
Beat Happening,Sleepy Head,You Turn Me On
"Bell, Chris",I Am The Cosmos,I Am The Cosmos
Belle & Sebastian,"Get Me Away From Here, I'm Dying",If You're Feeling Sinister
Belle & Sebastian,If You're Feeling Sinister,If You're Feeling Sinister
Belle & Sebastian,Judy And The Dream Of Horses,If You're Feeling Sinister
Belle & Sebastian,Lazy Line Painter Jane,Lazy Line Painter Jane
Belle & Sebastian,Le Pastie De La Bourgeoisie,3..6..9 Seconds Of Light
Belle & Sebastian,Legal Man,Legal Man
Belle & Sebastian,Like Dylan In The Movies,If You're Feeling Sinister
Belle & Sebastian,Lord Anthony,Dear Catastrophe Waitress
Belle & Sebastian,Mayfly,If You're Feeling Sinister
Belle & Sebastian,Me And The Major,If You're Feeling Sinister
Belle & Sebastian,Photo Jenny,Lazy Line Painter Jane
Belle & Sebastian,Seeing Other People,If You're Feeling Sinister
Belle & Sebastian,"Step Into My Office, Baby",Dear Catastrophe Waitress
Belle & Sebastian,The Boy Done Wrong Again,If You're Feeling Sinister
Belle & Sebastian,The Boy With The Arab Strap,The Boy with the Arab Strap
Belle & Sebastian,The Fox In The Snow,If You're Feeling Sinister
Belle & Sebastian,The Stars Of Track And Field,If You're Feeling Sinister
Belle & Sebastian,The State I Am In,Dog On Wheels
Belle & Sebastian,Women's Realm,"Fold Your Hands Child, You Walk Like A Peasant"
Belle & Sebastian,Your Cover's Blown,Books EP
Belly,Feed The Tree,Star
Best Coast,Better Girl,The Only Place
Best Coast,Boyfriend,Crazy For You
Best Coast,Crazy For You,Crazy For You
Best Coast,Happy,Crazy For You
Best Coast,The Only Place,The Only Place
Best Coast,When I'm With You,Crazy For You
Beths,Future Me Hates Me,Future Me Hates Me
Beths,Little Death,Future Me Hates Me
Beths,Silence Is Golden,Expert In A Dying Field
Better Oblivion Community Center,Dylan Thomas,Better Oblivion Community Center
Beulah,Gene Autry,The Coast Is Never Clear
Big Bill,Two Weeks,The Second Bill
Big Black,Kerosene,Atomizer
Big Black,Steelworker,The Hammer Party
Big Black,The Model (by Kraftwerk),Songs About Fucking
Big Boys,Fun Fun Fun,The Fat Elvis
Big Boys,Hollywood Swingin' (by Kool & The Gang),The Fat Elvis
Big Boys,Sound On Sound,The Fat Elvis
Big Boys,Which Way To Go,The Fat Elvis
Big Star,Holocaust,Third
Big Star,September Gurls,Radio City
Big Star,Thirteen,#1 Record
Big Star,When My Baby's Beside Me,#1 Record
Big Thief,Change,Dragon New Warm Mountain I Believe In You
Big Thief,Mythological Beauty,Capacity
Big Thief,Not,Two Hands
Big Thief,Shark Smile,Capacity
Big Thief,Simulation Swarm,Dragon Warm New Mountain I Believe In You
Big Thief,Vampire Empire,Vampire Empire
Bikini Kill,Anti-Pleasure Dissertation,The Singles
Bikini Kill,Capri Pants,Reject All American
Bikini Kill,Carnival,Revolution Girl Style Now
Bikini Kill,Demirep,The Singles
Bikini Kill,Don't Need You,The CD Version Of The First Two Records
Bikini Kill,Double Dare Ya,The CD Version Of The First Two Records
Bikini Kill,Feels Blind,The CD Version Of The First Two Records
Bikini Kill,I Like Fucking,The Singles
Bikini Kill,In Accordance To Natural Law,The Singles
Bikini Kill,New Radio,The Singles
Bikini Kill,Rebel Girl,The Singles
Bikini Kill,Suck My Left One,The CD Version Of The First Two Records
Bikini Kill,Sugar,Pussy Whipped
Bikini Kill,This Is Not A Test,The CD Version Of The First Two Records
Birthday Party,Sonny's Burning,The Bad Seed EP
Bjrk,Human Behavior,Debut
Black Dresses,Thoughts And Prayers,WASTEISOLATION
Black Flag,Clocked In,Everything Went Black
Black Flag,Depression,Everything Went Black
Black Flag,Gimmie Gimmie Gimmie,Damaged
Black Flag,Jealous Again,Everything Went Black
Black Flag,Louie Louie,Louie Louie EP
Black Flag,Nervous Breakdown,Nervous Breakdown
Black Flag,No Values,Everything Went Black
Black Flag,Police Story,Damaged
Black Flag,Rise Above,Damaged
Black Flag,Six Pack,Six Pack
Black Flag,TV Party,Damaged
Black Flag,Wasted,Everything Went Black
Black Heart Procession,A Light So Dim,2
Black Heart Procession,It's A Crime I Never Told You About The Diamonds In Your Eyes,2
Black Heart Procession,Square Heart,1
Black Keys,10 A.M. Automatic,Rubber Factory
Black Lips,Bad Kids,Good Bad Not Evil
"Black, Frank",Hang On To Your Ego (by The Beach Boys),Frank Black
"Black, Frank",Speedy Marie,Teenager Of The Year
Bleached,"Hollywood, We Did It All Wrong",Welcome The Worms
Bleeders,I Hate Men,We Hate Men
Blind Shake,I'm Not An Animal,Seriousness
Blitz,Razors In The Night,Voice Of A Generation
Blonde Redhead,23,23
Blondie,X-offender,Blondie
Blood Brothers,Love Rhymes With Hideous Car Wreck,Crimes
Blow,Parentheses,Paper Television
Blow,True Affection,Paper Television
Blur,Country House,The Great Escape
Blur,Parklife,Parklife
Blur,She's So High,Leisure
Blur,There's No Other Way,Leisure
Bodega,Statuette On The Console,Broken Equipment
Body Count,Cop Killer,Body Count
Bomb The Music Industry!,Everybody That You Love,Vacation
Bonnie 'Prince' Billy,I See A Darkness,I See a Darkness
Bottle Rockets,Thousand Dollar Car,The Brooklyn Side
Bouncing Souls,True Believers,How I Spent My Summer Vacation
"Bowie, David",Queen Bitch,Hunky Dory
"Bowie, David",The Man Who Sold The World,The Man Who Sold The World
Boygenius,Bite The Hand,Boygenius
Boygenius,Me & My Dog,Boygenius
boygenius,Not Strong Enough,the record
Boys,Brickfield Nights,Alternative Chartbusters
Boys,First Time,The Boys
Braid,Ariel,Frame & Canvas
"Brat, The",Attitudes,Attitudes
Bratmobile,Cheap Trick Record,"Ladies, Women And Girls"
Bratmobile,Cherry Bomb (by The Runaways),Pottymouth
Bratmobile,Gimme Brains,"Ladies, Women And Girls"
Bratmobile,The Real Janelle,The Real Janelle
Bratmobile,Well You Wanna Know What,"Ladies, Women And Girls"
Breeders,Divine Hammer,Last Splash
Breeders,Doe,Pod
Breeders,Drivin' On 9,Last Splash
Breeders,No Aloha,Last Splash
Brian Jonestown Massacre,Anemone,Their Satanic Majesties' Second Request
"Bridgers, Phoebe",Kyoto,Punisher
"Bridgers, Phoebe",Motion Sickness,Stranger In The Alps
"Bridgers, Phoebe",Scott Street,Stranger In The Alps
Bright Eyes,Bowl Of Oranges,"Lifted or The Story Is in the Soil, Keep Your Ear to the Ground"
Bright Eyes,Lover I Don't Have To Love,"Lifted or The Story Is in the Soil, Keep Your Ear to the Ground"
Bright Eyes,Method Acting,"Lifted or The Story Is in the Soil, Keep Your Ear to the Ground"
Bright Eyes,Papa Was A Rodeo (by Magnetic Fields),SCORE! 20 Years of Merge Records: THE COVERS!
Bright Eyes,The Calendar Hung Itself…,Fevers And Mirrors
Broken Social Scene,7/4 (Shoreline),Broken Social Scene
Broken Social Scene,Anthems For A Seventeen-Year Old Girl,You Forgot It In People
Buffalo Tom,Birdbrain,Birdbrain
Built to Spill,Car,There's Nothing Wrong with Love
Built to Spill,Carry The Zero,Keep It Like A Secret
Built To Spill,Center Of The Universe,Keep It Like A Secret
Built To Spill,Distopian Dream Girl,There's Nothing Wrong With Love
Built To Spill,I Would Hurt A Fly,Perfect From Now On
Built To Spill,Twin Falls,There's Nothing Wrong With Love
Built to Spill,You Were Right,Keep It Like A Secret
Bully,Trying,Feels Like
"Burnside, R.L.",Snake Drive,A Ass Pocket Of Whiskey
Bush Tetras,Too Many Creeps,Boom In The Night
Butchies,She's So Lovely,Make Yr Life
Buzzcocks,Autonomy,Singles Going Steady
Buzzcocks,Ever Fallen In Love?,Singles Going Steady
Buzzcocks,Love You More,Singles Going Seady
Buzzcocks,Oh Shit!,Singles Going Steady
Buzzcocks,Orgasm Addict,Singles Going Steady
Buzzcocks,Promises,Singles Going Steady
Buzzcocks,What Do I Get?,Singles Going Steady
Cadallaca,The Trouble With Public Places,Out West
"Cale, John",Fear Is A Man's Best Friend,Fear
"Callahan, Bill",Too Many Birds,Sometimes I Wish We Were An Eagle
Camera Obscura,French Navy,My Maudlin Career
Camera Obscura,Honey In The Sun,My Maudlin Career
Camera Obscura,Lloyd I'm Ready To Be Heartbroken,Let's Get Out Of This Country
Camera Obscura,The Sweetest Thing,My Maudlin Career
Camper Van Beethoven,All Her Favorite Fruit,Key Lime Pie
Camper Van Beethoven,Take The Skinheads Bowling,Telephone Free Landslide Victory
Can,She Brings The Rain,Soundtracks
Cansei de Ser Sexy,Let's Make Love And Listen Death From Above,CSS
Cap'n Jazz,Oh Messy Life,Analphabetapolothology
Cap'n Jazz,Take On Me (by A-Ha),Analphabetapolothology
Car Seat Headrest,Unforgiving Girl (She's Not An),Teens Of Denial
Cartalk,Wrestling,Pass Like Pollen
"Case, Neko",Calling Cards,"The Worse Things Get, the Harder I Fight, the Harder I Fight, the More I Love You"
"Case, Neko",Deep Red Bells,Blacklisted
"Case, Neko",Furnace Room Lullaby,Furnace Room Lullaby
"Case, Neko","Hold On, Hold On",Fox Confessor Brings The Flood
"Case, Neko",I Wish I Was The Moon,Blacklisted
"Case, Neko",Man,"The Worse Things Get, The Harder I Fight, The Harder I Fight, The More I Love You"
"Case, Neko",Pitch Or Honey,Hell-On
"Case, Neko",Pretty Girls,Blacklisted
"Case, Neko",Red Tide,Middle Cyclone
"Case, Neko",Star Witness,Fox Confessor Brings The Flood
"Case, Neko",That Teenage Feeling,Fox Confessor Brings The Flood
"Case, Neko",This Tornado Loves You,Middle Cyclone
"Case, Neko & Her Boyfriends",Guided By Wire,Furnace Room Lullaby
case/lang/veirs,Best Kept Secret,case/lang/veirs
Cat Power,Cherokee,Sun
Cat Power,Cross Bones Style,Moon Pix
Cat Power,Free,You Are Free
Cat Power,Nude As The News,What Would The Community Think?
Cat Power,Sea Of Love (by Phil Phillips & The Twilights),The Covers Record
"Cave, Nick & The Bad Seeds",Deanna,Tender Prey
"Cave, Nick & The Bad Seeds",I Let Love In,Let Love In
"Cave, Nick & The Bad Seeds",Papa Won't Leave You Henry,Henry's Dream
"Cave, Nick & The Bad Seeds",Stagger Lee,Murder Ballads
"Cave, Nick & The Bad Seeds",The Ship Song,The Good Son
"Cave, Nick & The Bad Seeds",Tupelo,The Firstborn Is Dead
Cayetana,Age Of Consent (by New Order),Tired Eyes
Cayetana,"Scott Get The Van, I'm Moving",Nervous Like Me
Cell Phones,West Coast,Get You Alone
Chain Of Strength,True Till Death,True Till Death
Charlatans (UK),One To Another,Tellin' Stories
Charly Bliss,Capacity,Young Enough
Chastity Belt,Cool Slut,Time To Go Home
Chavez,Unreal Is Here,Ride The Fader
Cheap Time,People Talk,Cheap Time
Cheap Trick,Downed,In Color
Cheap Trick,He's A Whore,Cheap Trick
Cheap Trick,Hello There,In Color
Childbirth,I Only Fucked You As A Joke,It's A Girl!
Chills,Pink Frost,Kaleidoscope World
Cigarettes After Sex,Sweet,Cigarettes After Sex
Circle Jerks,Live Fast Die Young,Group Sex
Circle Jerks,Wild In The Streets,Wild In The Streets
Circle Jerks,World Up My Ass,Group Sex
Clap Your Hands Say Yeah,Is This Love?,Clap Your Hands Say Yeah
Clap Your Hands Say Yeah,The Skin Of My Yellow Country Teeth,Clap Your Hands Say Yeah
Clash,Clampdown,London Calling
Clash,I'm Not Down,London Calling
Clash,London Calling,London Calling
Clash,Lost In The Supermarket,London Calling
Clash,The Guns Of Brixton,London Calling
Clash,White Riot,The Clash
Claw Hammer,Mongoloid (by DEVO),Q:Are We Not Men? A:We Are NOT DEVO
Clean,Anything Could Happen,Anthology
Cleaners From Venus,Only A Shadow,Midnight Cleaners
Clinic,The Second Line,Internal Wrangler
Cloud Nothings,Pyschic Trauma,Here And Nowhere Else
Coathangers,Don't Touch My Shit!,The Coathangers
Coathangers,Nestle In My Boobies,The Coathangers
Cock Sparrer,Argy Bargy,Shock Troops
Cock Sparrer,Riot Squad,Shock Troops
Cock Sparrer,Take 'Em All,Shock Troops
Cock Sparrer,Working,Shock Troops
Cockney Rejects,Oi! Oi! Oi!,"Greatest Hits, Volume 2"
Cocteau Twins,Cherry-Coloured Funk,Heaven Or Las Vegas
Coma In Algiers,Hey Mom,This Is Your Justice
Coma In Algiers,Leipzig,Happy Forever
Come,Shoot Me First,Near Life Experience
Common Rider,Classics Of Love,Last Wave Rockers
Company Of Thieves,After Thought,Running From A Gamble
Constantines,Nighttime/Anytime (It's Alright),Shine A Light
Converge,Homewrecker,Jane Doe
"Costello, Elvis",(The Angels Wanna Wear My) Red Shoes,My Aim Is True
"Costello, Elvis",Everyday I Write The Book,Punch The Clock
"Costello, Elvis",Less Than Zero,My Aim Is True
"Costello, Elvis",This Is Hell,Brutal Youth
"Costello, Elvis",Watching The Detectives,My Aim Is True
Cracker,Happy Birthday To Me,Cracker
Cramps,Goo Goo Muck,Psychedelic Jungle
Cramps,Human Fly,Gravest Hits
Cramps,I Was A Teenage Werewolf,Songs The Lord Taught Us
Cramps,Strychnine (by The Sonics),Songs The Lord Taught Us
Cramps,TV Set,Songs The Lord Taught Us
Crass,Bata Motel,Penis Envy
Crass,Do They Owe Us A Living?,The Feeding Of The 5000
Crass,Systematic Death,Penis Envy
Crass,Where Next Columbus?,Penis Envy
Creation,Making Time,Action Painting
Crooked Fingers,New Drink For The Old Drunk,Crooked Fingers
Crooked Fingers,Sleep All Summer,Dignity And Shame
Crooked Fingers,Under Sad Stars,Crooked Fingers
Cub,New York City,"Come Out, Come Out"
Cub,Your Bed,"Come Out, Come Out"
Cure,Boys Don't Cry,Boys Don't Cry
Cure,Close To Me,The Head On The Door
Cure,In Between Days,The Head On The Door
Cure,Jumping Someone Else's Train,Boys Don't Cry
Cure,Pictures Of You,Disintegration
Cure,The Hanging Garden,Pornography
Cursive,Art Is Hard,The Ugly Organ
Cursive,Some Red-Handed Sleight Of Hand,The Ugly Organ
Cursive,The Recluse,The Ugly Organ
"Dacus, Lucy",Hot & Heavy,Home Video
"Dacus, Lucy",I Don't Wanna Be Funny Anymore,No Burden
"Dacus, Lucy",Kissing Lessons,Kissing Lessons
"Dacus, Lucy",Night Shift,Historian
Dag Nasty,Can I Say,85-86
Dag Nasty,Circles,Can I Say
Dag Nasty,Values Here,Can I Say
Dag Nasty,Wig Out At Denko's,Wig Out At Denko's
Damned,Neat Neat Neat,Damned Damned Damned
Damned,New Rose,Damned Damned Damned
Damned,Noise Noise Noise,Machine Gun Etiquette
Damned,Smash It Up (pt. 2),Machine Gun Etiquette
Danzig,Blood And Tears,Danzig II: Lucifuge
Danzig,Killer Wolf,Danzig II: Lucifuge
Dashboard Confessional,The Brilliant Dance,The Places You Have Come To Fear The Most
"Dawson, Kimya",All I Could Do,Thunder Thighs
Dazey & The Scouts,Wet,Maggot
De La Soul,Stakes Is High,Stakes Is High
"De Souza, Indigo",Take Off Ur Pants,I Love My Mom
Dead Boys,Sonic Reducer,Young Loud and Snotty
Dead Kennedys,California Uber Alles,Give Me Convenience Or Give Me Death
Dead Kennedys,Holiday In Cambodia,Give Me Convenience Or Give Me Death
Dead Kennedys,I Fought The Law (by Bobby Fuller),Give Me Convenience Or Give Me Death
Dead Kennedys,Kill The Poor,Fresh Fruit For Rotting Vegetables
Dead Kennedys,Let's Lynch The Landlord,Fresh Fruit For Rotting Vegetables
Dead Kennedys,Nazi Punks Fuck Off,"In God We Trust, Inc."
Dead Kennedys,Too Drunk To Fuck,Give Me Convenience Or Give Me Death
Dead Kennedys,Well Paid Scientist,Plastic Surgery Disasters
Dead Milkmen,Dean's Dream,Big Lizard In My Backyard
Dead Milkmen,Punk Rock Girl,Beelzebubba
Dead Milkmen,Smokin' Banana Peels,Beelzebubba
Dead Moon,Dead Moon Night,Unknown Passage
Death,Freakin Out,For The Whole World To See
Death Angel,Bored,Frolic Through The Park
Death Cab For Cutie,The Sound Of Settling,Transatlanticism
Death Cab For Cutie,Title And Registration,Transatlanticism
Death From Above 1979,Black History Month,"You're A Woman, I'm A Machine"
Death From Above 1979,Romantic Rights,"You're A Woman, I'm A Machine"
Death From Above 1979,Sexy Results,"You're A Woman, I'm A Machine"
Decemberists,16 Military Wives,Picaresque
Decemberists,The Chimbley Sweep,Her Majesty
Decemberists,The Perfect Crime #2,The Crane Wife
Deerhunter,Revival,Halcyon Digest
Delta 5,Mind Your Own Business,Singles & Sessions 1979-81
"DeMarco, Mac",Salad Days,Salad Days
Desaparecidos,"Man And Wife, The Latter (Damaged Goods)",Read Music / Speak Spanish
Desaparecidos,Manana,Read Music / Speak Spanish
Desaparecidos,The Happiest Place On Earth,Read Music / Speak Spanish
Descendents,Bikeage,Somery
Descendents,Clean Sheets,Somery
Descendents,Coolidge,ALL
Descendents,Everything Sucks,Everything Sux
Descendents,Good Good Things,I Don't Wanna Grow Up
Descendents,Hope,Somery
Descendents,I'm The One,Everything Sucks
Descendents,Pep Talk,ALL
Descendents,Silly Girl,I Don't Want To Grow Up
Descendents,Sour Grapes,Somery
Descendents,Suburban Home,Somery
Destroy Boys,Crybaby,Make Room
Destroyer,The Very Modern Dance,Streethawk: A Seduction
Detroit Cobras,Bad Girl (by The Oblivians),Mink Rat Or Rabbit
Detroit Cobras,He Did It (by The Ronettes),"Life, Love and Leaving"
Detroit Cobras,Laughing At You (by The Gardenias),"Life, Love and Leaving"
DEVO,Be Stiff (Booji Boy Version),Greatest Misses
DEVO,Beautiful World,New Traditionalists
DEVO,Big Mess (demo),Recombo DNA
DEVO,Freedom Of Choice,Freedom Of Choice
DEVO,Gates Of Steel,Freedom Of Choice
DEVO,I'm A Potato,Hardcore Vol. 1
DEVO,Jerkin' Back 'N' Forth,New Traditionalists
DEVO,Satisfaction (by The Rolling Stones),Hardcore Vol. 1
DEVO,Secret Agent Man (by Johnny Rivers),Duty Now for the Future
DEVO,Sloppy (I Saw My Baby Getting),Be Stiff EP
DEVO,Social Fools,Be Stiff EP
DEVO,That's Good,Oh No! It's DEVO
DEVO,The Day My Baby Gave Me A Surprize,Duty Now For The Future
DEVO,Uncontrollable Urge,Q: Are We Not Men? A: We Are DEVO!
Dicks,Dicks Hate The Police,1980-1986
Dictators,California Sun (by The Rivieras),Go Girl Crazy!
Dictators,Stay With Me,Bloodbrothers
Didjits,Killboy Powerhead,Hornet Piata
Didjits,Police Truck (by Dead Kennedys),Virus 100
Diet Cig,Harvard,Over Easy
"DiFranco, Ani",Both Hands,Ani DiFranco
"DiFranco, Ani",Untouchable Face,Dilate
Dillinger 4,doublewhiskeycokenoice,Midwestern Songs Of The Americas
Dinosaur Jr,Freak Scene,Bug
Dinosaur Jr,Just Like Heaven (by The Cure),You're Living All Over Me
Dinosaur Jr,Over It,Farm
Dirty Projectors,Stillness Is The Move,Bitte Orca
Discharge,Protest And Survive,Hear Nothing See Nothing Say Nothing
Dismemberment Plan,A Life Of Possibilities,Emergency & I
Dismemberment Plan,Back & Forth,Emergency & I
Dismemberment Plan,The City,Emergency & I
Dismemberment Plan,The Dismemberment Plan Gets Rich,Juno & The Dismemberment Plan
Dismemberment Plan,The Ice Of Boston,...Is Terrified
Dismemberment Plan,Time Bomb,Change
Dismemberment Plan,You Are Invited,Emergency & I
Distillers,City Of Angels,Sing Sing Death House
Distillers,Drain The Blood,Coral Fang
Distillers,I Am A Revenant,Sing Sing Death House
Dollyrots,My Best Friend's Hot,Because I'm Awesome
"Dondero, David",The Living And The Dead,The Transient
Donnas,Rock 'n' Roll Machine,American Teenage Rock 'n' Roll Machine
Dream Syndicate,Tell Me When It's Over,The Days Of Wine And Roses
Dresden Dolls,Girl Anachronism,Dresden Dolls
Dresden Dolls,My Alcoholic Friends,"Yes, Virginia"
Dressy Bessy,If You Should Try To Kiss Her,Pink Hearts Yellow Moons
Drive Like Jehu,Bullet Train To Vegas,Hand Over Fist/Bullet Train To Vegas
Drive Like Jehu,Hand Over Fist,Yank Crime
Drive Like Jehu,Here Come The Rome Plows,Yank Crime
Drug Church,Weed Pin,Cheer
Drums,Money,Portamento
Dukes Of Stratosphear,My Love Explodes,Chips From The Chocolate Fireball
Dum Dum Girls,Coming Down,Only In Dreams
Dum Dum Girls,It Only Takes One Night,I Will Be
Dwarves,Everybodies Girl,Are Young And Good Looking
Eater,Outside View,The Compleat Eater
Echo & The Bunnymen,Do It Clean,Crocodiles
Eisley,Real World,Currents
Elastica,Stutter,Elastica
Elastica,Waking Up,Elastica
Elton Motello,Jet Boy Jet Girl,Jet Boy
"Eno, Brian",Baby's On Fire,Here Come The Warm Jets
"Eno, Brian",Needles In The Camel's Eye,Here Come The Warm Jets
Enon,Conjugate The Verbs,Believo!
Enon,Disposable Parts,High Society
Erasure,Victim Of Love,The Circus
"Erickson, Roky",You Don't Love Me Yet,All That May Do My Rhyme
ESG,You're No Good,ESG EP
Evens,All These Governors,The Evens
Ex Hex,Don't Wanna Lose,Rips
Excuse 17,Sevenwhateverteen,Periscope: Another Yoyo Compilation
Excuse 17,The Drop Dead Look,Such Friends Are Dangerous
Excuse 17,Watchmaker,Such Friends Are Dangerous
Face To Face,Blind,Face To Face
Face To Face,Disconnected,Don't Turn Away
Failure,Stuck On You,Fantastic Planet
Faint,Agenda Suicide,Danse Macabre
Faint,Worked Up So Sexual,Blank-Wave Arcade
Fall,Totally Wired,Palace Of Swords Reversed
Fall,Victoria (by The Kinks),The Frenz Experiment
Fastbacks,Gone To The Moon,Zcker
FIDLAR,No Waves,FIDLAR
Fiery Furnaces,Single Again,EP
Fiery Furnaces,Tropical Ice-land,EP
Flamin' Groovies,Shake Some Action,Shake Some Action
Fleet Foxes,Mykonos,Sun Giant
Fleet Foxes,White Winter Hymnal,Fleet Foxes
Folk Implosion,Insinuation,Dare To Be Surprised
Fontaines D.C.,Jackie Down The Line,Skinty Fia
Foreign Mothers,Possessive / Plural,DUH
Fountains Of Wayne,Sink To The Bottom,Fountains Of Wayne
Foxygen,San Francisco,We Are The 21st Century Ambassadors Of Peace & Magic
Frankie Cosmos,Young,Fit Me In
Franz Ferdinand,Take Me Out,Franz Ferdinand
Freezepop,Plastic Stars,Freezepop Forever
Frightened Rabbit,Head Rolls Off,The Midnight Organ Fight
Frights,You Are Going To Hate This,You Are Going To Hate This
Front Bottoms,Lone Star,Talon Of The Hawk
Front Bottoms,Twin Size Mattress,Talon Of The Hawk
"Frost, Edith",Cars And Parties,Wonder Wonder
"Frost, Edith",You Belong To No One,Telescopic
Frumpies,I Just Wanna Puke On The Stereo,Frumpie One Piece
Fucked Up,Queen Of Hearts,David Comes To Life
Fucked Up,Son The Father,The Chemistry Of Common Life
Fugazi,Bed For The Scraping,Red Medicine
Fugazi,Burning Too,13 Songs
Fugazi,Do You Like Me,Red Medicine
Fugazi,Epic Problem,The Argument
Fugazi,Five Corporations,End Hits
Fugazi,Full Disclosure,The Argument
Fugazi,Furniture,Furniture EP
Fugazi,Great Cop,In On The Killtaker
Fugazi,I'm So Tired,Instrument Soundtrack
Fugazi,Life And Limb,The Argument
Fugazi,Long Division,Steady Diet Of Nothing
Fugazi,Place Position,End Hits
Fugazi,Public Witness Program,In On The Killtaker
Fugazi,Smallpox Champion,In On The Killtaker
Fugazi,Suggestion,13 Songs
Fugazi,Turnover,Repeater
Fugazi,Waiting Room,13 Songs
"Furman, Ezra",Transition From Nowhere To Nowhere,Twelve Nudes
Future Islands,Seasons (Waiting On You),Singles
Future Of The Left,Arming Eritrea,Travels With Myself And Another
Future Of The Left,Donny Of The Decks,How To Stop Your Brain In An Accident
Future Of The Left,Suddenly It's A Folk Song,Curses
Futureheads,Decent Days & Nights,The Futureheads
Fuvk,Glasses,Time Series
G.B.H.,Sick Boy,City Baby Attacked By Rats
G.B.H.,Time Bomb,City Baby Attacked By Rats
G.L.O.S.S.,Outcast Stomp,Demo
Gang Green,Alcohol,Another Wasted Night
Gang Of Four,At Home He's A Tourist,Entertainment!
Gang Of Four,Damaged Goods,Entertainment!
Gang Of Four,I Found That Essence Rare,Entertainment!
Gang Of Four,Natural's Not In It,Entertainment!
Gang Of Four,Not Great Men,Entertainment!
Gang Of Four,To Hell With Poverty!,Another Day / Another Dollar
Gang Of Four,What We All Want,Solid Gold
"Gary, The",(Eyes In The) Tap Room,Logan
"Garza, Davd",Discoball World,This Euphoria
Generation X,Dancing With Myself,Perfect Hits: 1975 – 1981
Generation X,Ready Steady Go,Perfect Hits: 1975 – 1981
Generation X,Your Generation,Perfect Hits: 1975 – 1981
Generationals,Nobody Could Change Your Mind,Con Law
Germs,Lexicon Devil,M.I.A. - The Complete Anthology
Get Up Kids,Holiday,Something To Write Home About
Get Up Kids,Suffragette City (by David Bowie),Eudora
Get Up Kids,Ten Minutes,Something To Write Home About
Ghostland Observatory,Sad Sad City,Paparazzi Lightning
"Giant Dog, A",Creep,Pile
"Giant Dog, A",Sex & Drugs,Pile
Girls,Hellhole Ratrace,Album
Gits,Whirlwind,Seafish Louisville
Go Betty Go,C'mon,Worst Enemy
Go-Betweens,Old Mexico,Bright Yellow Bright Orange
Gogol Bordello,Start Wearing Purple,Gypsy Punks: Underdog World Strike
Gogol Bordello,"Think Locally, Fuck Globally",Gypsy Punks: Underdog World Strike
Gogol Bordello,Wonderlust King,Super Taranta!
Golden Boys,Older Than You,Dirty Fingernails
"Golightly, Holly",There's An End,Truly She Is None Other
Good Life,Lovers Need Lawyers,Album Of The Year
Good Riddance,Better,For God And Country
Gorilla Biscuits,New Direction,Start Today
Gossip,Jailbreak,That's Not What I Heard
Gossip,Love And Let Love,Music For Men
Gossip,No No No,Movement
Gossip,Standing In The Way Of Control,Standing In The Way Of Control
Gossip,Where The Girls Are,That's Not What I Heard
Grifters,Bummer,One Sock Missing
Grimes,Oblivion,Visions
Grinderman,Get It On,Grinderman
Grinderman,No Pussy Blues,Grinderman
Grizzly Bear,Two Weeks,Veckatimest
Guerilla Toss,Can I Get The Real Stuff,GT Ultra
Guided By Voices,A Salty Salute,Alien Lanes
Guided By Voices,Back To The Lake,Universal Truths And Cycles
Guided By Voices,Bulldog Skin,Mag Earwig!
Guided By Voices,Cut-Out Witch,Under The Bushes Under The Stars
Guided By Voices,Echos Myron,Bee Thousand
Guided By Voices,Everywhere With Helicopter,Universal Truths And Cycles
Guided By Voices,Game Of Pricks,Human Amusements At Hourly Rates
Guided By Voices,Glad Girls,Isolation Drills
Guided By Voices,Hot Freaks,Bee Thousand
Guided By Voices,I Am A Scientist,I Am A Scientist EP
Guided By Voices,I Am A Tree,Mag Earwhig!
Guided By Voices,If We Wait,Sunfish Holy Breakfast
Guided By Voices,Jane Of The Waking Universe,Mag Earwhig!
Guided By Voices,Motor Away,Human Amusements At Hourly Rates
Guided By Voices,My Kind Of Soldier,Earthquake Glue
Guided By Voices,My Valuable Hunting Knife,Alien Lanes
Guided By Voices,Pantherz,The Power Of Suck
Guided By Voices,Sheet Kickers,Under The Bushes Under The Stars
Guided By Voices,Surgical Focus,Do The Collapse
Guided By Voices,Teenage FBI,Do The Collapse
Guided By Voices,The Best Of Jill Hives,Human Amusements At Hourly Rates
Guided By Voices,The Brides Have Hit Glass,Isolation Drills
Guided By Voices,The Official Ironmen Rally Song,Under The Bushes Under The Stars
Guided By Voices,Tractor Rape Chain,Bee Thousand
Guided By Voices,Trust Them Now,Earth Man Blues
Gun Club,She's Like Heroin To Me,Fire Of Love
Handsome Family,Weightless Again,Through The Trees
Happy Mondays,24 Hour Party People,Squirrel & G-Man…
Happy Mondays,Bob's Yer Uncle,Pills N Thrills & Bellyaches
Har Mar Superstar,"Lady, You Shot Me",Bye Bye 17
Harriet,I Slept With All Your Mothers,Tell The Right Story
"Harvey, PJ",Dress,Dry
"Harvey, PJ",O Stella,Dry
"Harvey, PJ",One Line,"Stories From The City, Stories From The Sea"
"Harvey, PJ",Rid Of Me,Rid Of Me
"Harvey, PJ",Sheela-Na-Gig,Dry
"Harvey, PJ",You Said Something,"Stories From The City, Stories From The Sea"
Have A Nice Life,Bloodhail,Deathconsciousness
Head Wound City,I'm A Taxidermist - I Stuff Everything,Head Wound City
Headlights,Hi-Ya!,Kill Them With Kindness
Heartless Bastards,The Mountain,The Mountain
Heatmiser,Antonio Carlos Jobim,Cop And Speeder
Heavenly,It's You,Heavenly Vs. Satan
Heavenly,P.U.N.K. Girl,Atta Girl EP
Heavens To Betsy,Terrorist,Calculated
Hefner,The Hymn For The Cigarettes,The Fidelity Wars
Hefner,The Science Fiction,Boxing Hefner
Helium,Honeycomb,The Dirt Of Luck
Helium,Lady Of The Fire,The Magic City
Helium,Leon's Space Song,The Magic City
Helium,Pat's Trick,The Dirt Of Luck
Helium,Silver Strings,No Guitars
Helium,Superball,The Dirt Of Luck
"Hell, Richard & The Voidoids",Blank Generation,Blank Generation
"Hell, Richard & The Voidoids",Love Comes In Spurts,Blank Generation
Hinds,Riding Solo,The Prettiest Curse
Hold Steady,Certain Songs,Almost Killed Me
Hold Steady,Chips Ahoy!,Boys & Girls In America
Hold Steady,Constructive Summer,Stay Positive
Hold Steady,Hot Soft Light,Boys And Girls In America
Hold Steady,Massive Nights,Boys & Girls In America
Hold Steady,Sequestered In Memphis,Stay Positive
Hold Steady,Your Little Hoodrat Friend,Almost Killed Me
Hole,Jennifer's Body,Live Through This
Hole,Pretty On The Inside,Pretty On The Inside
Hop Along,How Simple,"Bark Your Head Off, Dog"
Hop Along,Tibetan Pop Stars,Get Disowned
HorrorPops,Walk Like A Zombie,Bring It On!
Hot Hot Heat,Bandages,Make Up The Breakdown
Hot Hot Heat,More For Show,Knock Knock Knock
Hot Hot Heat,This Town,Make Up The Breakdown
Hot Snakes,Ben Gurion,Suicide Invoice
Hot Snakes,LAX,Audit In Progress
Hot Snakes,Plenty For All,Audit in Progress
Hot Snakes,This Mystic Decade,Audit In Progress
Hot Water Music,Not For Anyone,Caution
Hot Water Music,Trusty Chords,Caution
Hotelier,Your Deep Rest,"Home, Like Noplace Is There"
House Of Love,I Don't Know Why I Love You,The House Of Love
Huggy Bear,Her Jazz,Taking the Rough With the Smooch
Huggy Bear,Pansy Twist,Taking the Rough With the Smooch
Hum,Firehead,Electra 2000
Hum,I'd Like Your Hair Long,You'd Prefer An Astronaut
Hum,Step Into You,Inlet
Hsker D,Books About UFOs,New Day Rising
Hsker D,Divide And Conquer,Flip Your Wig
Hsker D,Don't Want To Know If You Are Lonely,Candy Apple Grey
Hsker D,Hate Paper Doll,Flip Your Wig
Hsker D,I Apologize,New Day Rising
Hsker D,Makes No Sense At All,Flip Your Wig
Hsker D,Never Talking To You Again,Zen Arcade
"Hval, Jenny",Ashes To Ashes,The Practice Of Love
I Love You But I've Chosen Darkness,According To Plan,Fear Is On Our Side
Iceage,Ecstasy,You're Nothing
Idles,Grounds,Ultra Mono
Idles,Never Fight A Man With A Perm,Joy As An Act Of Resistance
Idles,Well Done,Brutalism
IfIHadAHiFi,The Theme From Sexy Results,Songs From Sexy Results: Cedar Block's Dig For The Higgs And How The Quest Was Won
Impossibles,Eightball,Anthology
Inspiral Carpets,Caravan,The Beast Inside
Inspiral Carpets,This Is How It Feels,Life
Interpol,Evil,Antics
Interpol,Leif Erikson,Turn On The Bright Lights
Interpol,NYC,Turn On The Bright Lights
Interpol,Obstacle 1,Turn On The Bright Lights
Interpol,PDA,Turn On The Bright Lights
Interpol,Rest My Chemistry,Our Love To Admire
Interpol,Slow Hands,Antics
J Church,My Favourite Place,My Favourite Place
"Jacklin, Julia",Pressure To Party,Crushing
Jam,Going Underground,Snap!
Jam,In The City,In The City
Jam,The Modern World,The Modern World
Japandroids,The House That Heaven Built,Celebration Rock
Japanese Breakfast,Be Sweet,Jubilee
Japanese Breakfast,Road Head,Soft Sounds From Another Planet
Jawbox,Savory,For Your Own Special Sweetheart
Jawbreaker,"Bad Scene, Everyone's Fault",Dear You
Jawbreaker,Boxcar,24 Hour Revenge Therapy
Jawbreaker,Chesterfield King,Bivouac
Jawbreaker,Do You Still Hate Me?,24 Hour Revenge Therapy
Jawbreaker,Donatello,Bivouac
Jawbreaker,Jinx Removing,24 Hour Revenge Therapy
Jawbreaker,Kiss The Bottle,Etc.
Jawbreaker,The Boat Dreams From On The Hill,24 Hour Revenge Therapy
Jawbreaker,Want,Unfun
JEFF The Brotherhood,In My Dreams,Wasted On The Dream
Jesus & Mary Chain,Head On,Automatic
Jesus & Mary Chain,Just Like Honey,Psychocandy
Jesus Lizard,Chrome,Bang
Jesus Lizard,Fly On The Wall,Down
Jesus Lizard,Gladiator,Bang
Jesus Lizard,If You Had Lips,Head
Jesus Lizard,Mouth Breather,Bang
Jesus Lizard,Wheelchair Epidemic (by The Dicks),Bang
Jets To Brazil,Chinatown,Orange Rhyming Dictionary
Jets To Brazil,Sweet Avenue,Orange Rhyming Dictionary
"Jett, Joan & the Blackhearts",Bad Reputation,Bad Reputation
Jim Carroll Band,People Who Died,Catholic Boy
Jimmy Eat World,Lucky Denver Mint,Clarity
Joanna Gruesome,Sugarcrush,Weird Sister
"Johnston, Daniel",Speeding Motorcycle,Yip Jump Music
"Johnston, Daniel",True Love Will Find You In The End,1990
Jonathan Fire*Eater,The Search For Cherry Red,Tremble Under Boom Lights
Joy Division,Dead Souls,Still
Joy Division,Disorder,Unknown Pleasures
Joy Division,Failures,An Ideal For Living
Joy Division,Insight,Complete BBC Recordings
Joy Division,Isolation,Closer
Joy Division,Leaders Of Men,Substance
Joy Division,Love Will Tear Us Apart,Complete BBC Recordings
Joy Division,New Dawn Fades,Unknown Pleasures
Joy Division,Transmission,Substance
Joy Division,Twenty Four Hours,Closer
Joy Division,Warsaw,Heart And Soul
Joyce Manor,Constant Headache,Joyce Manor
Juliana Hatfield Three,Spin The Bottle,Become What You Are
Julie Ruin,Girls Like Us,Run Fast
Julie Ruin,Radical Or Pro-Parental,Julie Ruin
Julie Ruin,Stay Monkey,Julie Ruin
June Of 44,Cut Your Face,Four Great Points
"Kellies, Las",Erase You (by ESG),Kellies
"Kellies, Las",Perro Rompebolas,Kellies
Kiltro,The Drunk,Creatures Of Habit
King Khan & BBQ Show,Waddlin' Around,King Khan & BBQ Show
"Kinsley, Sarah",The Giver,The Giver
Knapsack,Decorate The Spine,Day Three Of My New Life
L7,Can I Run,Hungry For Stink
L7,Pretend We're Dead,Bricks Are Heavy
L7,Shitlist,Bricks Are Heavy
L7,Wargasm,Bricks Are Heavy
La Dispute,Such Small Hands,Somewhere At The Bottom Of The River Between Vega And Altair
La Luz,Sure As Spring,It's Alive
La's,There She Goes,The La's
Ladytron,Destroy Everything You Touch,Witching Hour
Lagwagon,Sick,Hoss
Lagwagon,Violins,Hoss
"Lahey, Alex",Every Day's The Weekend,I Love You Like A Brother
Lambchop,Your Fucking Sunny Day,Thriller
Lambrini Girls,Cuntology 101,Who Let The Dogs Out
Lawrence Arms,The Slowest Drink At The Saddest Bar On The Snowiest Day In The Greatest City,Buttsweat And Tears
LCD Soundsystem,All My Friends,Sound Of Silver
LCD Soundsystem,Daft Punk Is Playing At My House,LCD Soundsystem
LCD Soundsystem,Someone Great,Sound Of Silver
LCD Soundsystem,Too Much Love,LCD Soundsystem
Le Tigre,Deceptacon,Le Tigre
Le Tigre,Eau D'Bedroom Dancing,Le Tigre
Le Tigre,Get Off The Internet,From The Desk Of Mr. Lady
Le Tigre,My Art,Feminist Sweepstakes
Le Tigre,My My Metrocard,Le Tigre
Le Tigre,Phanta,Le Tigre
Le Tigre,Tres Bien,Feminist Sweepstakes
Le Tigre,What's Yr Take On Cassavetes?,Le Tigre
Le Tigre,Hot Topic,Le Tigre
"Lekman, Jens",I'm Leaving You Because I Don't Love You,Night Falls Over Kortedala
"Lekman, Jens",The Opposite Of Hallelujah,Night Falls Over Kortedala
"Lekman, Jens",What's That Perfume That You Wear?,Life Will See You Now
Lemon Demon,Touch-Tone Telephone,Spirit Phone
"Lenderman, MJ",Wristwatch,Manning Fireworks
"Lenker, Adrianne",Sadness As A Gift,Bright Future
"Leo, Ted & the Pharmacists",A Bottle Of Buckie,Living With The Living
"Leo, Ted & the Pharmacists",Ballad Of The Sin Eater,Hearts Of Oak
"Leo, Ted & the Pharmacists",Biomusicology,The Tyranny Of Distance
"Leo, Ted & the Pharmacists",Me And Mia,Shake The Sheets
"Leo, Ted & the Pharmacists",Shake The Sheets,Shake The Sheets
"Leo, Ted & the Pharmacists",The Great Communicator,The Tyranny Of Distance
"Leo, Ted & the Pharmacists",Where Have All The Rude Boys Gone?,Hearts Of Oak
Les Savy Fav,Adopduction,Go Forth
Les Savy Fav,Hide Me From Next February,Rome (Written Upside Down)
Les Savy Fav,IC Timer,Rome (Written Upside Down)
Les Savy Fav,Let's Get Out Of Here,Root For Ruin
Les Savy Fav,Rodeo,Inches
Les Savy Fav,The Sweat Descends,Inches
Less Than Jake,Johnny Quest Thinks We're Sellouts,Pezcore
"Lewis, Jenny",The Big Guns,Rabbit Fur Coat
Liars,Mr Your On Fire Mr,They Threw Us All In A Trench And Stuck A Monument On Top
Liars,We Live NE Of Compton,They Threw Us All In A Trench And Stuck A Monument On Top
Lifetime,Turnpike Gates,Jersey's Best Dancers
Lifetime,"Young, Loud, And Scotty",Jersey's Best Dancers
Lifter Puller,Space Humping $19.99,Fiestas + Fiascos
Lillingtons,You're The Only One,Death By Television
Liquid Liquid,Push,Slip In And Out Of Phenomenon
Long Blondes,Once And Never Again,Someone To Drive You Home
Los Campesinos,By Your Hand,Hello Sadness
Los Campesinos,The Sea Is A Good Place To Think Of The Future,Romance Is Boring
Los Campesinos,You! Me! Dancing!,"Hold On Now, Youngster…"
Los Campesinos!,Romance Is Boring,Romance Is Boring
Lost Sounds,And You Dance?,Lost Sounds
Love,A House Is Not A Motel,Forever Changes
Love,Alone Again Or,Forever Changes
Low,Just Make It Stop,The Invisible Way
Lunachicks,Babysitters On Acid,Babysitters On Acid
Lunachicks,C.I.L.L.,Binge & Purge
Lunachicks,Less Teeth More Tits,Luxury Problem
Lunachicks,Spoilt,Jerk Of All Trades
Lush,For Love,Spooky
Lush,Ladykillers,Lovelife
Lush,Light From A Dead Star,Split
"Lynch, David",In Heaven (Lady In The Radiator Song),Eraserhead
Magazine,Shot By Both Sides,Real Life
Magnetic Fields,(Crazy For You But) Not That Crazy,69 Love Songs
Magnetic Fields,"100,000 Fireflies",Distant Plastic Trees
Magnetic Fields,A Chicken With Its Head Cut Off,69 Love Songs
Magnetic Fields,A Pretty Girl Is Like...,69 Love Songs
Magnetic Fields,"Abigail, Belle Of Kilronan",69 Love Songs
Magnetic Fields,Absolutely Cuckoo,69 Love Songs
Magnetic Fields,Acoustic Guitar,69 Love Songs
Magnetic Fields,All My Little Words,69 Love Songs
Magnetic Fields,All The Umbrellas In London,Get Lost
Magnetic Fields,Andrew In Drag,Love At The Bottom Of The Sea
Magnetic Fields,Asleep And Dreaming,69 Love Songs
Magnetic Fields,Bitter Tears,69 Love Songs
Magnetic Fields,Blue You,69 Love Songs
Magnetic Fields,Boa Constrictor,69 Love Songs
Magnetic Fields,Busby Berkely Dreams,69 Love Songs
Magnetic Fields,Come Back From San Francisco,69 Love Songs
Magnetic Fields,Epitaph For My Heart,69 Love Songs
Magnetic Fields,Experimental Music Love,69 Love Songs
Magnetic Fields,"Fido, Your Leash Is Too Long",69 Love Songs
Magnetic Fields,For We Are The King Of The Boudoir,69 Love Songs
Magnetic Fields,Grand Canyon,69 Love Songs
Magnetic Fields,How Fucking Romantic,69 Love Songs
Magnetic Fields,How To Say Goodbye,69 Love Songs
Magnetic Fields,I Can't Touch You Anymore,69 Love Songs
Magnetic Fields,I Don't Believe In The Sun,69 Love Songs
Magnetic Fields,I Don't Want To Get Over You,69 Love Songs
Magnetic Fields,I Shatter,69 Love Songs
Magnetic Fields,I Think I Need A New Heart,69 Love Songs
Magnetic Fields,I'm Sorry I Love You,69 Love Songs
Magnetic Fields,If You Don't Cry,69 Love Songs
Magnetic Fields,It's A Crime,69 Love Songs
Magnetic Fields,Kiss Me Like You Mean It,69 Love Songs
Magnetic Fields,Let's Pretend We're Bunny Rabbits,69 Love Songs
Magnetic Fields,Long-Forgotten Fairytale,69 Love Songs
Magnetic Fields,Love In The Shadows,69 Love Songs
Magnetic Fields,Love Is Like A Bottle Of Gin,69 Love Songs
Magnetic Fields,Love Is Like Jazz,69 Love Songs
Magnetic Fields,Meaningless,69 Love Songs
Magnetic Fields,My Only Friend,69 Love Songs
Magnetic Fields,My Sentimental Melody,69 Love Songs
Magnetic Fields,No One Will Ever Love You,69 Love Songs
Magnetic Fields,Nothing Matters When We're Dancing,69 Love Songs
Magnetic Fields,Papa Was A Rodeo,69 Love Songs
Magnetic Fields,Parades Go By,69 Love Songs
Magnetic Fields,Promises Of Eternity,69 Love Songs
Magnetic Fields,Punk Love,69 Love Songs
Magnetic Fields,Queen Of The Savages,69 Love Songs
Magnetic Fields,Reno Dakota,69 Love Songs
Magnetic Fields,Roses,69 Love Songs
Magnetic Fields,Strange Eyes,69 Love Songs
Magnetic Fields,Strange Powers,Holiday
Magnetic Fields,Sweet-Lovin' Man,69 Love Songs
Magnetic Fields,The Book Of Love,69 Love Songs
Magnetic Fields,The Cactus Where Your Heart Should Be,69 Love Songs
Magnetic Fields,The Death Of Ferdinand De Saussure,69 Love Songs
Magnetic Fields,The Luckiest Guy On The Lower East Side,69 Love Songs
Magnetic Fields,The Night You Can't Remember,69 Love Songs
Magnetic Fields,The One You Really Love,69 Love Songs
Magnetic Fields,The Saddest Story Ever Told,The Wayward Bus
Magnetic Fields,The Sun Goes Down And The World Goes Dancing,69 Love Songs
Magnetic Fields,The Things We Did And Didn't Do,69 Love Songs
Magnetic Fields,The Way You Say Good-Night,69 Love Songs
Magnetic Fields,Time Enough For Rocking When We're Old,69 Love Songs
Magnetic Fields,Two Kinds Of People,69 Love Songs
Magnetic Fields,Underwear,69 Love Songs
Magnetic Fields,Very Funny,69 Love Songs
Magnetic Fields,"Washington, D.C.",69 Love Songs
Magnetic Fields,When My Boy Walks Down The Street,69 Love Songs
Magnetic Fields,Wi' Nae Wee Bairn Ye'll Me Beget,69 Love Songs
Magnetic Fields,World Love,69 Love Songs
Magnetic Fields,Xylophone Track,69 Love Songs
Magnetic Fields,"Yeah! Oh, Yeah!",69 Love Songs
Magnetic Fields,You And Me And The Moon,Get Lost
Magnetic Fields,You're My Only Home,69 Love Songs
Magnetic Fields,Zebra,69 Love Songs
Magnolia Electric Co.,The Dark Don't Hide It,What Comes After The Blues
Man Man,Head On (Hold On To Your Heart),On Oni Pond
Man Man,Loot My Body,On Oni Pond
Mannequin Pussy,Drunk II,Patience
Mannequin Pussy,I Got Heaven,I Got Heaven
Marked Men,A Little Time,Fix My Brain
Marked Men,Fix My Brain,Fix My Brain
Mars Volta,Televators,De-Loused In The Comatorium
Mars Volta,The Widow,Frances The Mute
Material Issue,Valerie Loves Me,International Pop Overthrow
Mazzy Star,Fade Into You,So Tonight That I Might See
Mazzy Star,Halah,She Hangs Brightly
"McDowall, Rose",Tibet,Cut With The Cake Knife
McLusky,Alan Is A Cowboy Killer,Do Dallas
Mclusky,Lightsabre Cocksucking Blues,Mclusky Do Dallas
McLusky,To Hell With Good Intentions,Do Dallas
Me First & The Gimme Gimmes,Sloop John B (by The Beach Boys),Blow In The Wind
Me First & The Gimme Gimmes,Straight Up (by Paula Abdul),Are We Not Men? We Are Diva!
Meat Puppets,Lake Of Fire,Meat Puppets II
Meat Puppets,Plateau,Meat Puppets II
Meat Puppets,Split Myself In Two,Meat Puppets II
Mekons,Last Night On Earth,Journey To The End Of The Night
Mekons,Where Were You?,Heaven & Hell
Melt-Banana,Candy Gun,Fetch
"Men, The",Another Night,Tomorrow's Hits
Menzingers,I Don't Wanna Be An Asshole Anymore,Rented World
Mercury Rev,Goddess On A Highway,Deserter's Songs
Metric,Black Sheep,Black Sheep
Metric,Combat Baby,"Old World Underground, Where Are You Now?"
Metric,Gold Guns Girls,Fantasies
Metric,Help I'm Alive,Fantasies
Metric,I.O.U.,"Old World Underground, Where Are You Now?"
Metric,Now Or Never Now,Art Of Doubt
Metric,Patriarch On A Vespa,Live It Out
Metric,The List,"Old World Underground, Where Are You Now?"
Metz,Headache,Metz
Mew,The Zookeeper's Boy,...And The Glass-Handed Kites
Mighty Mighty Bosstones,Someday I Suppose,Don't Know How To Party
Mineral,Gloria,The Power Of Failing
Mineral,Parking Lot,The Power Of Failing
Ministry,Everyday Is Halloween,Twelve Inch Singles
Minor Threat,12XU (by Wire),Complete Discography
Minor Threat,Filler,Complete Discography
Minor Threat,Good Guys Don't Wear White (by The Standells),Complete Discography
Minor Threat,I Don't Wanna Hear It,Discography
Minor Threat,Minor Threat,Complete Discography
Minor Threat,Out Of Step,Complete Discography
Minor Threat,"Small Man, Big Mouth",Complete Discography
Minor Threat,Straight Edge,Complete Discography
Minutemen,#1 Hit Song,Double Nickels On The Dime
Minutemen,Corona,Double Nickels On The Dime
Minutemen,Cut,Buzz Or Howl Under The Influence Of Heat
Minutemen,D.'s Car Jam / Anxious Mo-Fo,Double Nickels On The Dime
Minutemen,Definitions,Paranoid Time
Minutemen,Dr. Wu (by Steely Dan),Double Nickels On The Dime
Minutemen,History Lesson - Part II,Double Nickels On The Dime
Minutemen,I Felt Like A Gringo,Buzz Or Howl Under The Influence Of Heat
Minutemen,If Reagan Played Disco,Bean Spill
Minutemen,It's Expected I'm Gone,Double Nickels On The Dime
Minutemen,Jesus & Tequila,Double Nickels On The Dime
Minutemen,Little Man With A Gun In His Hand,Buzz Or Howl Under The Influence Of Heat
Minutemen,Maybe Partying Will Help,Double Nickels On The Dime
Minutemen,My Heart And The Real World,Double Nickels On The Dime
Minutemen,One Reporter's Opinion,Double Nickels On The Dime
Minutemen,Paranoid Chant,Paranoid Time
Minutemen,Political Song For Michael Jackson To Sing,Double Nickels On The Dime
Minutemen,Shit From An Old Notebook,Double Nickels On The Dime
Minutemen,The Glory Of Man,Double Nickels On The Dime
Minutemen,The Politics Of Time,Double Nickels On The Dime
Minutemen,The World According To Nouns,Double Nickels On The Dime
Minutemen,This Ain't No Picnic,Double Nickels On The Dime
Minutemen,Toadies,Double Nickels On The Dime
Minutemen,Viet Nam,Double Nickels On The Dime
Minutemen,West Germany,Double Nickels On The Dime
Minutes,Raise Our Fists Up,Roland
Miracle Of 86,Every Famous Last Word,Every Famous Last Word
Mirah,Gone Sugaring,You Think It's Like This But Really It's Like This
Mirah,Jerusalem,C'mon Miracle
Misfits,Angelfuck,Static Age
Misfits,Astro Zombies,Misfits
Misfits,Attitude,Static Age
Misfits,Halloween,Collection II
Misfits,Hatebreeders,Collection II
Misfits,Hybrid Moments,Static Age
Misfits,I Turned Into A Martian,Collection
Misfits,Last Caress,Static Age
Misfits,Mommy Can I Go Out And Kill Tonight,Misfits
Misfits,She,Misfits
Misfits,Skulls,Box Set
Misfits,We Are 138,Collection II
Misfits,Where Eagles Dare,Box Set
Miss Eaves,Thunder Thighs,Feminasty
Mission Of Burma,Academy Fight Song,Mission Of Burma
Mission Of Burma,That's When I Reach For My Revolver,Mission Of Burma
Mission Of Burma,This Is Not A Photograph,"Signals, Calls, And Marches"
Mission Of Burma,Wounded World,ONoffON
Mitski,A Pearl,Be The Cowboy
Mitski,I Bet On Losing Dogs,Puberty 2
Mitski,i will,Bury Me At Makeout Creek
Mitski,Lonesome Love,Be The Cowboy
Mitski,Nobody,Be The Cowboy
Mitski,Strawberry Blond,"Retired From Sad, New Career In Business"
Mitski,Washing Machine Heart,Be The Cowboy
Modern Baseball,"Fine, Great",You're Gonna Miss It All
Modern Lovers,Government Center,The Modern Lovers
Modern Lovers,Pablo Picasso,The Modern Lovers
Modern Lovers,Roadrunner,The Modern Lovers
Modern Lovers,She Cracked,The Modern Lovers
Modest Mouse,3rd Planet,The Moon & Antarctica
Modest Mouse,All Nite Diner,Interstate 8
Modest Mouse,Baby Blue Sedan,Building Nothing Out Of Something
Modest Mouse,Bankrupt On Selling,The Lonesome Crowded West
Modest Mouse,Breakthrough,This Is A Long Drive For Someone With Nothing To Think About
Modest Mouse,Cowboy Dan,The Lonesome Crowded West
Modest Mouse,Dark Center Of The Universe,Night On The Sun
Modest Mouse,Doin' The Cockroach,The Lonesome Crowded West
Modest Mouse,Dramamine,This Is A Long Drive For Someone With Nothing To Think About
Modest Mouse,Never Ending Math Equation,Building Nothing Out Of Something
Modest Mouse,Polar Opposites,The Lonesome Crowded West
Modest Mouse,Teeth Like God's Shoeshine,The Lonesome Crowded West
Modest Mouse,Tiny Cities Made Of Ashes,The Moon & Antarctica
Modest Mouse,Trailer Trash,The Lonesome Crowded West
Modest Mouse,You're The Good Things (It's Alright To Die),Night On The Sun
Mogwai,R U Still In 2 It?,Young Team
Moldy Peaches,Lucky Number Nine,The Moldy Peaches
Morphine,Cure For Pain,Cure For Pain
Morrissey,First Of The Gang To Die,You Are The Quarry
Morrissey,We Hate It When Our Friends Become Successful,Your Arsenal
Motherfucker,I'm Fucking Dick Dale,Confetti
Motion City Soundtrack,Everything Is Alright,Commit This To Memory
Mountain Goats,Against Pollution,We Shall All Be Healed
Mountain Goats,Alibi,Babylon Springs
Mountain Goats,Cotton,We Shall All Be Healed
Mountain Goats,Cry For Judas,Transcendental Youth
Mountain Goats,Dance Music,The Sunset Tree
Mountain Goats,Estate Sale Sign,All Eternals Deck
Mountain Goats,Foreign Object,Beat The Champ
Mountain Goats,Game Shows Touch Our Lives,Tallahassee
Mountain Goats,Heretic Pride,Heretic Pride
Mountain Goats,Letter From Belgium,We Shall All Be Healed
Mountain Goats,Lovecraft In Brooklyn,Heretic Pride
Mountain Goats,No Children,Tallahassee
Mountain Goats,Oceanographer's Choice,Tallahassee
Mountain Goats,Palmcorder Yajna,We Shall All Be Healed
Mountain Goats,"Pigs That Ran Straightaway Into The Water, Triumph Of",We Shall All Be Healed
Mountain Goats,Quito,We Shall All Be Healed
Mountain Goats,See America Right,Tallahassee
Mountain Goats,The Best Ever Death Metal Band In Denton,All Hail West Texas
Mountain Goats,The Young Thousands,We Shall All Be Healed
Mountain Goats,This Year,The Sunset Tree
Mountain Goats,"Wage Wars, Get Rich, Die Handsome",Bleed Out
Movements,Daylily,Feel Something
Mr. T Experience,Ba Ba Ba Ba Ba,Love Is Dead
Mr. T Experience,I Love You But You're Standing On My Foot,Milk Milk Lemonade
Mr. T Experience,Sackcloth And Ashes,Love Is Dead
Mudhoney,Pump It Up (by Elvis Costello),Freedom Of Choice comp.
Mudhoney,"Touch Me, I'm Sick",Superfuzz Bigmuff
Muffs,Everywhere I Go,Hamburger
Municipal Waste,The Art Of Partying,The Art Of Partying
Murder By Death,Comin' Home,Red Of Tooth And Claw
Murder City Devils,18 Wheels,"Empty Bottles, Broken Hearts"
Murder City Devils,Boom Swagger Boom,The Murder City Devils
Murder City Devils,Press Gang,In Name And Blood
Murder City Devils,Rum To Whiskey,In Name And Blood
Murder City Devils,Somebody Else's Baby,In Name And Blood
Muslims,Punch A Nazi,Gentrified Chicken
"Muth, Zoe",You Only Believe Me When I'm Lying,Zoe Muth & The Lost High Rollers
My Bloody Valentine,When You Sleep,Loveless
My Morning Jacket,Lowdown,At Dawn
Nada Surf,Inside Of Love,Let Go
Nana Grizol,Photos From When We Were Young,Ursa Minor
"Nastasia, Nina",A Dog's Life,Dogs
National,Fake Empire,Boxer
National,Mr. November,Alligator
Negative Approach,Can't Tell No One,Total Recall
Nerves,Hanging On The Telephone,The Nerves
Neutral Milk Hotel,Communist Daughter,In The Aeroplane Over The Sea
Neutral Milk Hotel,Ghost,In The Aeroplane Over The Sea
Neutral Milk Hotel,"Holland, 1945",In The Aeroplane Over The Sea
Neutral Milk Hotel,In The Aeroplane Over The Sea,In The Aeroplane Over The Sea
Neutral Milk Hotel,"King Of Carrot Flowers, Part 1",In The Aeroplane Over The Sea
Neutral Milk Hotel,Song Against Sex,On Avery Island
New China,Wet Dream,Bar & Grill
New Found Glory,Hit Or Miss,New Found Glory
New Order,1963 ('95),Best Of New Order
New Order,Bizarre Love Triangle,Brotherhood
New Order,Ceremony,Substance
New Order,Confusion,Substance
New Order,Love Vigilantes,Low-Life
New Order,Temptation '87,Substance
New Pornographers,Bruill Bruisers,Brill Bruisers
New Pornographers,Challengers,Challengers
New Pornographers,Champions Of Red Wine,Brill Bruisers
New Pornographers,Letter From An Occupant,Mass Romantic
New Pornographers,Mass Romantic,Mass Romantic
New Pornographers,Sing Me Spanish Techno,Twin Cinema
New Pornographers,The Slow Descent Into Alcoholism,Mass Romantic
New Pornographers,These Are The Fables,Twin Cinema
New Pornographers,Twin Cinema,Twin Cinema
New Pornographers,War On The East Coast,Brill Bruisers
New York Dolls,Personality Crisis,New York Dolls
"Newsom, Joanna","Clam, Crab, Cockle, Cowrie",The Milk-Eyed Mender
"Newsom, Joanna",Sadie,The Milk-Eyed Mender
"Newsom, Joanna",The Book Of Right-On,The Milk-Eyed Mender
Nico,These Days,Chelsea Girl
"Nilsson, Molly",Hey Moon!,These Things Take Time
NiNa,Aurora Tour,NiNa
Nirvana,Been A Son,Incesticide
No Use For A Name,International You Day,Hard Rock Bottom
No Use For A Name,Justified Black Eye,Leche Con Carne
NOFX,Dinosaurs Will Die,Pump Up The Valium
NOFX,Linoleum,Punk In Drublic
NOFX,Liza & Louise,"White Trash, Two Heebs, And A Bean"
NOFX,Lori Meyers,Punk In Drublic
NOFX,Philthy Phil Philanthropist,Heavy Petting Zoo
NoMeansNo,Mr. In Between,All Roads Lead To Ausfahrt
"Normal, The",Warm Leatherette,Warm Leatherette
Notwist,One With The Freaks,Neon Golden
"Numan, Gary (Tubeway Army)",Bombers,The Plan
"Numan, Gary (Tubeway Army)",Me! I Disconnect From You,Replicas
"Numan, Gary (Tubeway Army)",That's Too Bad,Tubeway Army
Oblivians,Christina,Popular Favorites
Ocean Blue,Mercury,Cerulean
Of Montreal,The Party's Crashing Us,The Sunlandic Twins
OFF!,I Don't Belong,The First Four EPs
OFF!,Void You Out,Wasted Years
Okkervil River,Black,Black Sheep Boy
Okkervil River,Lost Coastlines,The Stand Ins
Okkervil River,Westfall,Don't Fall In Love With Everyone You See
Old 97's,Big Brown Eyes,Wreck Your Life
Old 97's,Timebomb,Too Far To Care
"Olsen, Angel",Forgiven/Forgotten,Burn Your Fire For No Witness
"Olsen, Angel",Never Be Mine,MY WOMAN
"Olsen, Angel",Shut Up Kiss Me,MY WOMAN
"Olsen, Angel",Some Things Cosmic,Strange Cacti
"Olsen, Angel",Unfucktheworld,Burn Your Fire For No Witness
Only Ones,"Another Girl, Another Planet",The Only Ones
Operation Ivy,Knowledge,Energy
Operation Ivy,Sound System,Energy
Operation Ivy,Unity,Energy
Origami Angel,Skeleton Key,Somewhere City
Owen,"O, Evelyn",Ghost Town
Pains Of Being Pure At Heart,Belong,Belong
Pains Of Being Pure At Heart,Young Adult Friction,The Pains Of Being Pure At Heart
Palace Brothers,"For The Mekons, et al",Hey Drag City! comp.
Palace Music,Work Hard/Play Hard,Viva Last Blues
"Palmer, Amanda",The Bed Song,Theatre Is Evil
Pansy Division,Fem In A Black Leather Jacket,Undressed
Pansy Division,Luv Luv Luv,Absurd Pop Song Romance
pAper chAse,I'm Gonna Spend The Rest Of My Life Lying,Hide The Kitchen Knives
Paramore,Brighter,All We Know Is Falling
Parenthetical Girls,A Song For Ellie Greenwich,Entanglements
"Parker, Graham",Discovering Japan,Squeezing Out Sparks
Parquet Courts,Stoned And Starving,Light Up Gold
Partner,Comfort Zone,In Search Of Lost Time
Pataphysics,Cropped Out,My Phone's About To Die
Pataphysics,Hands,Pat Sounds
Pavement,AT&T,Wowee Zowee
Pavement,Black Out,Wowee Zowee
Pavement,Box Elder,Westing (By Musket And Sextant)
Pavement,Cut Your Hair,"Crooked Rain, Crooked Rain"
Pavement,Embassy Row,Brighten The Corners
Pavement,Fame Throwa,Slanted + Enchanted
Pavement,Flux = Rad,Wowee Zowee
Pavement,Frontwards,"Watery, Domestic"
Pavement,Gold Soundz,"Crooked Rain, Crooked Rain"
Pavement,Grave Architecture,Wowee Zowee
Pavement,Grounded,Wowee Zowee
Pavement,Harness Your Hopes,Brighten The Corners: Nicene
Pavement,Kennel District,Wowee Zowee
Pavement,Major Leagues,Terror Twilight
Pavement,Perfume-V,Slanted + Enchanted
Pavement,Range Life,"Crooked Rain, Crooked Rain"
Pavement,Rattled By The Rush,Wowee Zowee
Pavement,Shady Lane,Brighten The Corners
Pavement,Spit On A Stranger,Terror Twilight
Pavement,Stereo,Brighten The Corners
Pavement,Summer Babe (Winter Version),Slanted + Enchanted
Pavement,Unfair,"Crooked Rain, Crooked Rain"
Peaches,Fuck The Pain Away,The Teaches Of Peaches
Pears,Breakfast,Go To Prison
Pedro The Lion,Rapture,Control
Peelander-Z,So Many Mike,P-Pop-High School
Penetration,Don't Dictate,The Best Of Penetration
Pennywise,Bro Hymn,Pennywise
Pere Ubu,Final Solution,Terminal Tower
Perfect Pussy,Driver,Say Yes To Love
Peter Bjorn And John,Young Folks (ft. Victoria Bergsman),Writer's Block
Petrol Girls,"Baby, I Had An Abortion",Baby
"Phair, Liz",Divorce Song,Exile in Guyville
"Phair, Liz",Flower,Exile in Guyville
"Phair, Liz",Fuck And Run,Exile in Guyville
"Phair, Liz",Never Said,Exile in Guyville
"Phair, Liz",Stratford-On-Guy,Exile in Guyville
"Phair, Liz",Supernova,Whip-Smart
Phantogram,When I'm Small,Eyelid Movies
Piebald,American Hearts,We Are The Only Friends We Have
"Pierce, Larry",Good Hard Fuckin',Dirty Old Man
Pigeon Pit,Milk Crates,Feather River Canyon Blues
Piata Protest,"Volver, Volver (by Vicente Fernndez)",El Valiente
Pinback,Fortress,Pinback
Pissed Jeans,Bathroom Laughter,Honey
Pixies,Bone Machine,Surfer Rosa
Pixies,Debaser,Doolittle
Pixies,Gigantic,Best Of Pixies
Pixies,Gouge Away,Doolittle
Pixies,Here Comes Your Man,Doolittle
Pixies,Hey,Doolittle
Pixies,Monkey Gone To Heaven,Doolittle
Pixies,River Euphrates,Surfer Rosa
Pixies,U Mass,Trompe Le Monde
Pixies,Velouria,Bossanova
Pixies,Wave Of Mutilation,Doolittle
Pixies,Where Is My Mind?,Surfer Rosa
Pleasure Venom,Hunt,Hunt
Pleasure Venom,Severed Ties,Rebirth/Return
Pogues,A Pair Of Brown Eyes,"Rum, Sodomy & The Lash"
Pogues,Fairytale Of New York,If I Should Fall From The Grace Of God
Pogues,Streams Of Whiskey,Red Roses For Me
Pogues,Thousands Are Sailing,If I Should Fall From The Grace Of God
Police Teeth,Summertime Bruise,Awesomer Than The Devil
"Pollard, Robert",Psychic Pilot Clocks Out,Not In My Airforce
"Pollard, Robert",Subspace Biographies,Waved Out
Polvo,The Pedlar,In Prism
Pom Poko,Like A Lady,Cheater
Pom Pom Squad,Drunk Voicemail,Death Of A Cheerleader
"Pop, Iggy",How Do Ya Fix A Broken Part,New Values
"Pop, Iggy",Kill City,Kill City
"Pop, Iggy",Lust For Life,Lust For Life
"Pop, Iggy",Nightclubbing,The Idiot
"Pop, Iggy",The Passenger,Lust For Life
Popper Burns,Sunday,Popper Burns
Portishead,All Mine,Portishead
Portishead,Strangers,Dummy
Postal Service,Brand New Colony,Give Up
Postal Service,Clark Gable,Give Up
Postal Service,Nothing Better,Give Up
Postal Service,Sleeping In,Give Up
Postal Service,Such Great Heights,Give Up
Poster Children,Blatant Dis,Tool Of The Man
Poster Children,Cancer,Daisychain Reaction
Poster Children,Dangerous Life,Flower Plower
Poster Children,If You See Kay,Daisychain Reaction
Poster Children,Let's Have A War (by Fear),On The Offensive
Poster Children,Persimmon,DDD
Poster Children,Rain On Me,Flower Plower
Poster Children,Wide Awake,Junior Citizen
Pretenders,Tattooed Love Boys,The Pretenders
Pretenders,The Wait,The Pretenders
Pretty Girls Make Graves,Sad Girls Por Vida,Good Health
Pretty Girls Make Graves,Speakers Push The Air,Good Health
Priests,Appropriate,Nothing Feels Natural
Primal Scream,Movin' On Up,Screamadelica
Primal Scream,Rocks,Give Up Before You Give Out
Prolapse,Deanshanger,The Italian Flag
Promise Ring,A Picture Postcard,30 Everywhere
Promise Ring,B Is For Bethlehem,Nothing Feels Good
Promise Ring,Deep South,Very Emergency
Promise Ring,Skips A Beat (Over You),Very Emergency
Promise Ring,Why Did Ever We Meet,Nothing Feels Good
Propagandhi,Anchorless,"Less Talk, More Rock"
Propagandhi,Anti-Manifesto,How To Clean Everything
Propagandhi,Back To The Motor Leagues,"Today's Empires, Tomorrow's Ashes"
Protomartyr ft. Kelley Deal,Wheel Of Fortune,Consolation EP
Public Enemy with Anthrax,Bring Tha Noize,Apocalypse '91
Public Image Ltd.,Disappointed,"""9"""
Pulley,Second Best,@#!*
Pulp,Common People,Different Class
Pulp,Disco 2000,Different Class
Pulp,Like A Friend,This Is Hardcore
Pup,DVP,The Dream Is Over
Pup,Kids,Morbid Stuff
Pup,Reservoir,Pup
Purple Mountains,All My Happiness Is Gone,Purple Mountains
Pylon,Cool,Gyrate
Q And Not U,End The Washington Monument (Blinks) Goodnight,No Kill No Beep Beep
Q Lazzarus,Goodbye Horses,Goodbye Horses
Quasi,The Poisoned Well,"Featuring ""Birds"""
Queers,Love Love Love,Grow Up
Queers,Ursula Finally Has Tits,Love Songs For The Retarded
Quiet Company,The Easy Confidence,We Are All Where We Belong
Radio 4,Dance To The Underground,Dance To The Underground
"Ragan, Chuck",California Burritos,Feast Or Famine
Railroad Jerk,One Step Forward,What's Up Matador? comp
Raincoats,Fairytale In The Supermarket,The Raincoats
Raincoats,No Looking,The Raincoats
Rainer Maria,The Reason The Night Is Long,Look Now Look Again
"Ramone, Joey",What A Wonderful World (by Louie Armstrong),Don't Worry About Me
Ramones,Beat On The Brat,Mania
Ramones,Blitzkrieg Bop,The Ramones
Ramones,I Wanna Be Sedated,Road To Ruin
Ramones,I Wanna Be Your Boyfriend,Ramones
Ramones,Pet Sematary,Brain Drain
Ramones,Rockaway Beach,Mania
Ramones,Sheena Is A Punk Rocker,Mania
Rancid,Salvation,Let's Go
Rancid,Time Bomb,…And Out Come The Wolves
Raveonettes,Love In A Trashcan,Pretty In Black
Reagan Youth,No Class,A Collection Of Pop Classics
"Reatard, Jay",Always Wanting More,Matador Singles '08
"Reatard, Jay",It Ain't Gonna Save Me,Watch Me Fall
"Reatard, Jay",My Family,Blood Visions
Records,Starry Eyes,Shades In Bed
"Red Heroes, The",Rick Perry,The Red Heroes EP
Redd Kross,Clorox Girls,Red Cross
Refused,New Noise,The Shape Of Punk To Come
Rentals,Friends Of P.,Return Of The Rentals
Rentals,Life Without A Brain,The Last Little Life EP
Replacements,20th Century Boy (by T. Rex),Let It Be
Replacements,Attitude,All Shook Down
Replacements,Bastards Of Young,Tim
Replacements,Can't Hardly Wait,Pleased To Meet Me
Replacements,Color Me Impressed,Hootenanny
Replacements,I Will Dare,Let It Be
Replacements,Left Of The Dial,Tim
Replacements,Tommy Gets His Tonsils Out,Let It Be
Replacements,Unsatisfied,Let It Be
Rezillos,Destination Venus,Can't Stand The Rezillos
Rezillos,Somebody's Gonna Get Their Head Kicked In Tonight,Can't Stand The Rezillos
Rezillos,Top Of The Pops,Can't Stand The Rezillos
"Richman, Jonathan",I Was Dancing In The Lesbian Bar,"I, Jonathan"
Rilo Kiley,A Better Son/Daughter,The Execution Of All Things
Rilo Kiley,Does He Love You?,More Adventurous
Rilo Kiley,Glendora,Rilo Kiley
Rilo Kiley,It's A Hit,More Adventurous
Rilo Kiley,More Adventurous,More Adventurous
Rilo Kiley,Portions For Foxes,More Adventurous
Rilo Kiley,Science Vs. Romance,Take Offs And Landings
Rilo Kiley,The Good That Won't Come Out,The Execution Of All Things
Rilo Kiley,Wires And Waves,Take Offs And Landings
Rilo Kiley,With Arms Outstretched,The Execution Of All Things
Rites Of Spring,For Want Of,Rites Of Spring
Rocket From The Crypt,I'm Not Invisible,Live From Camp X-Ray
Rocket From The Crypt,Savoir Faire,Group Sounds
Rocket From The Crypt,Straight American Slave,Group Sounds
Rondelles,Mission: Irresistible,"Fiction, Romance, Fast Machines"
"Rosenstock, Jeff",Festival Song,WORRY.
"Rosenstock, Jeff",I Did Something Weird Last Night,WORRY.
"Rosenstock, Jeff",Scram!,No Dream
Roxy Music,Virginia Plain,Street Life: 20 Greatest Hits
Royal Headache,Psychotic Episode,Royal Headache
Rubblebucket,Came Out Of A Lady,Omega La La
Runaways,Cherry Bomb,The Runaways
Rutabega,Come Back Big Brother,Brother The Lights Don't Work
Rutabega,Shiny Destination,Unreliable Narrator
RVIVR,Spider Song,The Beauty Between
Saints,(I'm) Stranded,(I'm) Stranded
Saints,Know Your Product,Eternally Yours
Samia,Someone Tell The Boys,Someone Tell The Boys
Santogold,L.E.S. Artistes,Santogold
Sarge,A Torch,The Glass Intact
Sarge,Beguiling,The Glass Intact
Savages,Evil,Adore Life
Saves The Day,At Your Funeral,Stay What You Are
Saves The Day,Shoulder To The Wheel,Through Being Cool
Say Anything,Alive With The Glory Of Love,Is A Real Boy
Schilling,Take U There,Take U There EP
School Of Seven Bells,Connjur,Alpinisms
School Of Seven Bells,Half Asleep,Alpinisms
School Of Seven Bells,My Cabal,Alpinisms
"Scott-Heron, Gil",Home Is Where The Hatred Is,Pieces Of A Man
Scratch Acid,Monsters,The Greatest Gift
Scratch Acid,This Is Bliss,The Greatest Gift
Screaming Females,I Don't Mind It,Castle Talk
Screaming Females,I'll Make You Sorry,All At Once
Screaming Females,It All Means Nothing,Ugly
Screaming Females,Ripe,Rose Mountain
Screeching Weasel,Cool Kids,Bark Like A Dog
Screeching Weasel,Hey Suburbia,Kill The Musicians
Sebadoh,Brand New Love (acoustic),The Freed Weed
Sebadoh,Gimme Indie Rock,Gimme Indie Rock EP
Sebadoh,License To Confuse,Bakesale
Sebadoh,Ocean,Harmacy
Sebadoh,Pink Moon (by Nick Drake),Smash Your Head On The Punk Rock
Sebadoh,Too Pure,Harmacy
Semi Precious Weapons,Magnetic Baby,We Love You
Servotron,"Serve, Obey, Guard Men From Harm",Entertainment Program For Humans
Sex Pistols,Anarchy In The U.K.,"Never Mind the Bollocks, Here's the Sex Pistols"
Sex Pistols,Holidays In The Sun,"Never Mind the Bollocks, Here's the Sex Pistols"
Sex Pistols,Seventeen,"Never Mind the Bollocks, Here's the Sex Pistols"
Sham 69,Borstal Breakout,If The Kids Are United
Shannon & The Clams,Baby Don't Do It,Sleep Talk
Shannon & The Clams,Point Of Being Right,Gone By The Dawn
Shannon & The Clams,You Will Always Bring Me Flowers,Sleep Talk
Shearwater,Century Eyes,Rooks
Shearwater,Natural One (by Folk Implosion),Fellow Travelers
Sheer Mag,Fan The Flames,"Compilation (I, II, & III)"
Shellac,Dude Incredible,Dude Incredible
Shellac,Prayer To God,1000 Hurts
Shiner,Only Shallow (by My Bloody Valentine),Soak Your Shoes In Red Wine And Strike The Angels Dumb
Shins,Know Your Onion!,"Oh, Inverted World"
Shins,So Says I,Chutes Too Narrow
Shout Out Louds,Tonight I Have To Leave It,Our Ill Wills
Shudder To Think,X-French Tee Shirt,Pony Express Record
Sick Of It All,Friends Like You,"Blood, Sweat, And No Tears"
Silkworm,Couldn't You Wait,Libertine
Silkworm,Treat The New Guy Right,Lifestyle
Silkworm,Wet Firecracker,Firewater
Silver Jews,Death Of An Heir Of Sorrows,Bright Flight
Silver Jews,Honk If You're Lonely,American Water
Silver Jews,I Remember Me,Bright Flight
Silver Jews,People,American Water
Silver Jews,Punks In The Beerlight,Tanglewood Numbers
Silver Jews,Random Rules,American Water
Silver Jews,We Are Real,American Water
Sincere Engineer,Trust Me,Bless My Psyche
Sincola,Bitch,What The Nothinghead Said
Single Lash,Now For The Real World,Now For The Real World
Siouxsie & The Banshees,Christine,Kaleidoscope
Siouxsie & The Banshees,Cities In Dust,Tinderbox
Siouxsie & The Banshees,Dazzle,Hyaena
Six Finger Satellite,Rabies (Baby's Got The),Severe Exposure
Slant 6,What Kind Of Monster Are You?,soda pop * rip off
Sleaford Mods,Tied Up In Nottz,Divide And Exit
Sleater-Kinney,All Hands On The Bad One,All Hands On The Bad One
Sleater-Kinney,Anonymous,Call The Doctor
Sleater-Kinney,Bury Our Friends,No Cities To Love
Sleater-Kinney,Buy Her Candy,Dig Me Out
Sleater-Kinney,Call The Doctor,Call The Doctor
Sleater-Kinney,Dance Song '97,Dig Me Out
Sleater-Kinney,Dig Me Out,Dig Me Out
Sleater-Kinney,Good Things,Call The Doctor
Sleater-Kinney,Heart Factory,Dig Me Out
Sleater-Kinney,I Wanna Be Your Joey Ramone,Call The Doctor
Sleater-Kinney,It's Enough,Dig Me Out
Sleater-Kinney,Jenny,Dig Me Out
Sleater-Kinney,Jumpers,The Woods
Sleater-Kinney,Little Babies,Dig Me Out
Sleater-Kinney,Male Model,All Hands On The Bad One
Sleater-Kinney,Modern Girl,The Woods
Sleater-Kinney,Not What You Want,Dig Me Out
Sleater-Kinney,Oh!,One Beat
Sleater-Kinney,One More Hour,Dig Me Out
Sleater-Kinney,Step Aside,One Beat
Sleater-Kinney,The Drama You've Been Craving,Dig Me Out
Sleater-Kinney,The Fox,The Woods
Sleater-Kinney,The Professional,All Hands On The Bad One
Sleater-Kinney,Things You Say,Dig Me Out
Sleater-Kinney,Turn It On,Dig Me Out
Sleater-Kinney,Words & Guitar,Dig Me Out
Sleater-Kinney,You're No Rock N' Roll Fun,All Hands On The Bad One
Sleigh Bells,Rill Rill,Treats
Slint,"Good Morning, Captain",Spiderland
Slits,I Heard It Through The Grapevine (by Marvin Gaye),Cut
Slits,Typical Girls,Cut
Sloan,Everything You've Done Wrong,One Chord To Another
Sloan,The Good In Everyone,One Chord To Another
Slothrust,Pony (by Ginuwine),I Promise
Small Brown Bike,Like A Future With No Friend,Dead Reckoning
"Smith, Elliott",Angeles,Either/Or
"Smith, Elliott",Baby Britain,XO
"Smith, Elliott",Ballad Of Big Nothing,Either/Or
"Smith, Elliott",Between The Bars,Either/Or
"Smith, Elliott",Can't Make A Sound,Figure 8
"Smith, Elliott",Condor Ave.,Roman Candle
"Smith, Elliott",King's Crossing,From A Basement On A Hill
"Smith, Elliott",Miss Misery,Good Will Hunting sdtrk.
"Smith, Elliott",Say Yes,Either/Or
"Smith, Elliott",St. Ides Heaven,Elliott Smith
"Smith, Elliott",Strung Out Again,From A Basement On A Hill
"Smith, Elliott",Twilight,From A Basement On A Hill
"Smith, Elliott",Waltz #2 (XO),XO
"Smith, Patti",Free Money,Horses
"Smith, Patti",Gloria,Horses
"Smith, Patti",Pumping (My Heart),Radio Ethiopia
Smiths,Ask,Louder Than Bombs
Smiths,Girlfriend In A Coma,"Strangeways, Here We Come"
Smiths,Rusholme Ruffians,Meat Is Murder
Smiths,There Is A Light That Never Goes Out,The Queen Is Dead
Smiths,What Difference Does It Make?,The Smiths
Smog,Bathysphere,Wild Love
Smog,Dress Sexy At My Funeral,Dongs Of Sevotion
Smog,Held,Knock Knock
Smog,I Was A Stranger,Red Apple Falls
Smoking Popes,Megan,Destination Failure
Snail Mail,Full Control,Lush
Snail Mail,Valentine,Valentine
Soccer Mommy,Circle The Drain,color theory
Soccer Mommy,Last Girl,Clean
Soccer Mommy,Your Dog,Clean
Social Distortion,Ring Of Fire (by Johnny Cash),Social Distortion
Soft Boys,I Wanna Destroy You,Underwater Moonlight
Somnia,(The Double Life Of) Ed Claiborne,How The Moon Shines On The Shit
Songs: Ohia,Farewell Transmission,Magnolia Electric Company
Songs: Ohia,I've Been Riding With The Ghost,Magnolia Electric Company
Songs: Ohia,Just Be Simple,Magnolia Electric Company
Songs: Ohia,Lioness,The Lioness
Songs: Ohia,Tigress,The Lioness
Sonic Youth,"""100%""",Dirty
Sonic Youth,(I Got A) Catholic Block,Sister
Sonic Youth,Brother James,Kill Yr Idols EP
Sonic Youth,Bull In The Heather,"Experimental Jet Set, Trash & No Star"
Sonic Youth,Death Valley '69,Bad Moon Rising
Sonic Youth,Eric's Trip,Daydream Nation
Sonic Youth,Flower,Bad Moon Rising
Sonic Youth,Kissability,Daydream Nation
Sonic Youth,Kool Thing,Goo
Sonic Youth,Making The Nature Scene,Confusion Is Sex
Sonic Youth,Teenage Riot,Daydream Nation
Sonic Youth,What A Waste,Rather Ripped
Sonics,The Witch,Here Are The Sonics
Spanish Love Songs,The Boy Considers His Haircut,Schmaltz
Sparks,Angst In My Pants,Angst In My Pants
Sparks,Here In Heaven,Kimono My House
Speedy Ortiz,American Horror,Real Hair
Spiritualized,The Straight & The Narrow,Let It Come Down
Spits,Let Us Play Your Party,Wheel Chair LP
Spoon,10:20 a.m.,Girls Can Tell
Spoon,Advance Cassette,A Series Of Sneaks
Spoon,All The Negatives Have Been Destroyed,Telephono
Spoon,All The Pretty Girls Go To The City,Kill The Moonlight
Spoon,Anything You Want,Girls Can Tell
Spoon,Back To The Life,Kill The Moonlight
Spoon,Believing Is Art,Girls Can Tell
Spoon,Black Like Me,Ga Ga Ga Ga Ga
Spoon,Can I Sit Next To You,Hot Thoughts
Spoon,Car Radio,A Series Of Sneaks
Spoon,Chips And Dip,LoveWays
Spoon,Dismember,Telephono
Spoon,Do You,They Want My Soul
Spoon,Don't Buy The Realistic,Telephono
Spoon,Don't Let It Get You Down,Kill The Moonlight
Spoon,Don't Make Me A Target,Ga Ga Ga Ga Ga
Spoon,Don't You Evah (by The Natural History),Ga Ga Ga Ga Ga
Spoon,Everything Hits At Once,Girls Can Tell
Spoon,Finer Feelings,Ga Ga Ga Ga Ga
Spoon,Got Nuffin,Transference
Spoon,Hot Thoughts,Hot Thoughts
Spoon,I Summon You,Gimme Fiction
Spoon,I Turn My Camera On,Gimme Fiction
Spoon,Idiot Driver,Telephono
Spoon,Inside Out,They Want My Soul
Spoon,Jonathon Fisk,Kill The Moonlight
Spoon,Laffitte Don't Fail Me Now,The Agony Of Laffitte
Spoon,Merchants Of Soul,Gimme Fiction
Spoon,Metal Detektor,A Series Of Sneaks
Spoon,My Mathematical Mind,Gimme Fiction
Spoon,Nefarious,Telephono
Spoon,Plastic Mylar,Telephono
Spoon,Rainy Taxi,They Want My Soul
Spoon,Reservations,A Series Of Sneaks
Spoon,Rhthm And Soul,Ga Ga Ga Ga Ga
Spoon,Sister Jack,Gimme Fiction
Spoon,Someone Something,Kill The Moonlight
Spoon,Something To Look Forward To,Kill The Moonlight
Spoon,Take A Walk,Girls Can Tell
Spoon,Take The Fifth,Girls Can Tell
Spoon,"The Beast And Dragon, Adored",Gimme Fiction
Spoon,The Delicate Place,Gimme Fiction
Spoon,The Fitted Shirt,Girls Can Tell
Spoon,The Minor Tough,A Series Of Sneaks
Spoon,The Mystery Zone,Transference
Spoon,The Two Sides Of Monsieur Valentine,Gimme Fiction
Spoon,The Underdog,Ga Ga Ga Ga Ga
Spoon,The Way We Get By,Kill The Moonlight
Spoon,They Want My Soul,They Want My Soul
Spoon,Trouble Comes Running,Transference
Spoon,Utilitarian,A Series Of Sneaks
Spoon,Vittorio E,Kill The Moonlight
Spoon,Written In Reverse,Transference
Spoon,You Got Yr Cherry Bomb,Ga Ga Ga Ga Ga
Squirrel Flower,So Hot You're Hurting My Feelings (by Caroline Polachek),Take It Or Leave It single
St. Vincent,Cheerleader,Strange Mercy
St. Vincent,Cruel,Strange Mercy
St. Vincent,New York,MASSEDUCTION
St. Vincent,The Neighbors,Actor
Stars,Your Ex-Lover Is Dead,Set Yourself On Fire
Stellastarr*,My Coco,Stellastarr
Stereolab,French Disko,Jenny Ondioline single
Stereolab,Jenny Ondioline [edit],Tour Single
Stereolab,Ping Pong,Mars Audiac Quintet
Stereolab,The Noise Of Carpet,Emperor Tomato Ketchup
"Stern, Marnie",Year Of The Glad,The Chronicles Of Marnia
"Stevens, Sufjan",Chicago,Illinois
"Stevens, Sufjan","John Wayne Gacy, Jr.",Illinois
Stiff Little Fingers,Alternative Ulster,Inflammable Material
Stiff Little Fingers,Gotta Gettaway,Nobody's Heroes
Stiff Little Fingers,Suspect Device,Inflammable Material
Stone Roses,Elephant Stone,The Stone Roses
Stone Roses,One Love,One Love single
Stooges,Down On The Street,Fun House
Stooges,I Wanna Be Your Dog,The Stooges
Stooges,Loose,Fun House
Stooges,No Fun,The Stooges
Stooges,Shake Appeal,Raw Power
Stooges,T.V. Eye,Fun House
Stranglers,(Get A) Grip (On Yourself),Stranglers IV (Rattus Norvegicus)
Stranglers,No More Heroes,No More Heroes
Strawberry Launch,Sweet Basil,Sweet Basil
Streets,The Irony Of It All,Original Pirate Material
Stretch Panic,Vampire Love,Glitter & Gore
Subhumans,Mickey Mouse Is Dead,The Day The Country Died
Subhumans,No,The Day The Country Died
Subhumans,Work-Rest-Play-Die,Time Flies But Aeroplanes Crash
Sugar,If I Can't Change Your Mind,Copper Blue
Suicidal Tendencies,Cyco Vision,Freedumb
Suicidal Tendencies,Fascist Pig,Suicidal Tendencies
Suicidal Tendencies,Institutionalized,Suicidal Tendencies
Sun Kil Moon,Carry Me Ohio,Ghosts Of The Great Highway
Sun Kil Moon,Salvador Sanchez,Ghosts Of The Great Highway
Sunday Cruise,Pretty Girl,Art Of Losing My Reflection
"Sundfr, Susanne",Undercover,Music For People In Trouble
Sunny Day Real Estate,In Circles,Diary
Sunny Day Real Estate,Pillars,How It Feels To Be Something On
Sunny Day Real Estate,Seven,Diary
Super Thief,bluddded,dump sink
Superchunk,Brand New Love (by Sebadoh),Tossing Seeds (Singles 89-91)
Superchunk,Detroit Has A Skyline,Here's Where The Strings Come In
Superchunk,Hyper Enough,Here's Where The Strings Come In
Superchunk,Learned To Surf,Majesty Shredding
Superchunk,My Gap Feels Weird,Majesty Shredding
Superchunk,Precision Auto,On The Mouth
Superchunk,Reagan Youth,What A Time To Be Alive
Superchunk,Slack Motherfucker,Tossing Seeds (Singles 89-91)
Superdrag,Sucked Out,Regretfully Yours
Swearin',Kenosha,Swearin'
Swingin' Utters,Fifteenth And T,A Juvenile Product Of The Working Class
T. Rex,Children Of The Revolution,Tanx
T. Rex,Jeepster,Electric Warrior
T.S.O.L.,Code Blue,Dance With Me
Talking Heads,Burning Down The House,Speaking In Tongues
Talking Heads,Crosseyed And Painless,Remain In Light
Talking Heads,Don't Worry About The Government,'77
Talking Heads,No Compassion,'77
Talking Heads,Psycho Killer,'77
Talking Heads,This Must Be The Place (Nave Melody),Speaking In Tongues
Talulah Gosh,Testcard Girl,Backwash
Tapes N Tapes,Insistor,The Loon
Team Dresch,Fagetarian & Dyke,Personal Best
Teenage Fanclub,Everything Flows,Everything Flows single
Teenage Fanclub,Radio,Thirteen
Tegan And Sara,Back In Your Head,The Con
Television,See No Evil,Marquee Moon
Texas Is The Reason,Back And To The Left,Do You Know Who You Are?
Thao & The Get Down Stay Down,Holy Roller,We The Common
that dog.,Gagged And Tied,Retreat From The Sun
The National,Pink Rabbits,Trouble Will Find Me
Thermals,A Pillar Of Salt,"The Body, The Blood, The Machine"
Thermals,Here's Your Future,"The Body, The Blood, The Machine"
Thermals,I Don't Believe You,Personal Life
They Might Be Giants,Ana Ng,Lincoln
They Might Be Giants,Doctor Worm,Severe Tire Damage
They Might Be Giants,Don't Let's Start,Miscellaneous T
They Might Be Giants,Nightgown Of The Sullen Moon,Miscellaneous T
They Might Be Giants,She's An Angel,They Might Be Giants
They Might Be Giants,We're The Replacements,Miscellaneous T
They Might Be Giants,When Will You Die,Join Us
Thinking Fellers Union Local 282,Noble Experiment,Strangers From The Universe
Throwing Muses,Not Too Soon,The Real Ramona
Throwing Muses,Two Step,The Real Ramona
"Thunders, Johnny & The Heartbreakers",Chinese Rocks,Chinese Rocks single
Tiger Trap,Puzzle Pieces,Tiger Trap
Tiger Trap,Supreme Nothing,Tiger Trap
Til We're Blue Or Destroy,All Shook Up,Til We're Blue Or Destroy
Tilly & The Wall,Pot Kettle Black,o
Tilt,Hero Marauder,Collect 'Em All
Tilt,Lips Tits Hips,Til It Kills
"Timony, Mary",Blood Tree,The Golden Dove
"Timony, Mary",Return To Pirates,Ex Hex
Tiny Moving Parts,Caution,Swell
Title Fight,"Numb, But I Still Feel It",Floral Green
Title Fight,Symmetry,The Last Thing You Forget
Titus Andronicus,Dimed Out,The Most Lamentable Tragedy
Together PANGEA,Offer,Badillac
Together PANGEA,River,Badillac
Tom Tom Club,Wordy Rappinghood,Tom Tom Club
Tomahawk,Birdsong,Mit Gas
Tropical Fuck Storm,Antimatter Animals,A Laughing Death In Meatspace
Turbonegro,Monkey On Your Back,Apocalypse Dudes
Turbonegro,Prince Of The Rodeo,Apocalypse Dudes
Turnstile,BLACKOUT,GLOW ON
Tuscadero,Nancy Drew,The Pink Album
TV On The Radio,DLZ,Dear Science
TV On The Radio,Staring At The Sun,"Desperate Youth, Bloodthirsty Babes"
TV On The Radio,Wolf Like Me,Return To Cookie Mountain
TV On The Radio,Young Liars,Young Liars EP
Two Nice Girls,I Spent My Last US$10.00 (On Birth Control And Beer),2 Nice Girls
U.S. Girls,Pearly Gates,In A Poem Unlimited
U.S. Girls,Rage Of Plastics,In A Poem Unlimited
Uncle Tupelo,Before I Break,No Depression
Uncle Tupelo,Graveyard Shift,No Depression
Uncle Tupelo,Gun,Still Feel Gone
Uncle Tupelo,No Depression,No Depression
Uncle Tupelo,Outdone,No Depression
Uncle Tupelo,We've Been Had,Anodyne
Undertones,Get Over You,Teenage Kicks: The Very Best Of The Undertones
Undertones,Here Comes The Summer,Teenage Kicks: The Very Best Of The Undertones
Undertones,One Way Love,The Undertones
Undertones,Teenage Kicks,The Undertones
Unicorns,I Was Born (A Unicorn),Who Will Cut Our Hair When We're Gone?
Units,High Pressure Days,History Of The Units
Unrest,Make Out Club,Perfect Teeth
Urban Heat,Have You Ever?,Wellness
"Van Etten, Sharon",Seventeen,Remind Me Tomorrow
"Van Etten, Sharon",Your Love Is Killing Me,Are We There
Vandals,Happy Birthday To Me,Live Fast Diarrhea
Vandals,My Girlfriend's Dead,"Hitler Bad, Vandals Good"
Vandals,The Legend Of Pat Brown,Peace Through Vandalism
"Vanderslice, John",Exodus Damage,Pixel Revolt
Vaselines,Son Of A Gun,The Way Of The Vaselines
"Vega, Suzanne",Left Of Center,Pretty In Pink sdtrk
"Veirs, Laura",Galaxies,Year Of Meteors
"Vela, Ram & The Easy Targets",Reunited (And It Feels Like Shit),What The Hell
Velocity Girl,Pop Loser,Copacetic
Velvet Underground,After Hours,The Velvet Underground
Velvet Underground,All Tomorrow's Parties,The Velvet Underground & Nico
Velvet Underground,Beginning To See The Light,The Velvet Underground
Velvet Underground,Femme Fatale,The Velvet Underground & Nico
Velvet Underground,I'll Be Your Mirror,The Velvet Underground & Nico
Velvet Underground,Rock & Roll,Loaded
Velvet Underground,Sunday Morning,The Velvet Underground & Nico
Velvet Underground,Sweet Jane,Loaded
Velvet Underground,What Goes On,The Velvet Underground
Velvet Underground,White Light/White Heat,White Light/White Heat
Velvet Underground,Who Loves The Sun,Loaded
Venom,Welcome To Hell,Welcome To Hell
Veruca Salt,All Hail Me,American Thighs
Veruca Salt,Sound Of The Bell,Eight Arms To Hold You
Viagra Boys,In Spite Of Ourselves (by John Prine),Welfare Jazz
Viet Cong,Silhouettes,Viet Cong
Violent Femmes,American Music,Why Do Birds Sing?
Violent Femmes,Gone Daddy Gone,Violent Femmes
Violent Femmes,I Held Her In My Arms,The Blind Leading The Naked
Violent Femmes,Ugly,Violent Femmes
Volcano Suns,Jak,The Bright Orange Years
Voxtrot,"Mothers, Sisters, Daughters & Wives","Mothers, Sisters, Daughters & Wives"
Waitresses,I Know What Boys Like,Wasn't Tomorrow Wonderful?
"Waits, Tom",16 Shells From A Thirty-Ought-Six,Swordfishtrombones
"Waits, Tom",Big In Japan,Mule Variations
"Waits, Tom",Singapore,Rain Dogs
Walkmen,The Rat,Bows + Arrows
Walkmen,Thinking Of A Dream I Had,Bows + Arrows
Warpaint,Ashes To Ashes (by David Bowie),We Were So Turned On
Waxahatchee,Lilacs,Saint Cloud
Waxahatchee,Poison,Ivy Tripp
Waxahatchee,Right Back To It (ft. MJ Lenderman),Tigers Blood
Weakerthans,Aside,Left And Leaving
Weakerthans,Confessions Of A Futon-Revolutionist,Fallow
Weakerthans,"Our Retired Explorer (Dines with Michael Foucault in Paris, 1961)",Reconstruction Site
Weakerthans,Psalm For The Elks Lodge Last Call,Reconstruction Site
Weakerthans,Reconstruction Site,Reconstruction Site
Weakerthans,Tournament Of Hearts,Reunion Tour
Weakerthans,Virtute The Cat Explains Her Departure,Reunion Tour
"Webster, Faye",Kingston,Atlanta Millionaires Club
Ween,Chocolate Town,Quebec
Ween,Gabrielle,Shinola
Ween,It's Gonna Be A Long Night,Quebec
Ween,Japanese Cowboy,12 Golden Country Greats
Ween,Transdermal Celebration,Quebec
Wet Leg,Chaise Longue,Wet Leg
Wet Leg,mangetout,moisturizer
Wet Leg,Wet Dream,Wet Leg
Weyes Blood,Andromeda,Titanic Rising
What Made Milwaukee Famous,Selling Yourself Short,Trying To Never Catch Up
Whiskeytown,Excuse Me While I Break My Own Heart Tonight,Strangers Almanac
White Lung,Below,Paradise
White Lung,Take The Mirror,Sorry
White Stripes,Fell In Love With A Girl,White Blood Cells
"White, James & The Blacks",Contort Yourself,Off White
Wilco,Casino Queen,A.M.
Wilco,ELT,Summerteeth
Wilco,Heavy Metal Drummer,Yankee Hotel Foxtrot
Wilco,How To Fight Loneliness,Summerteeth
Wilco,"Jesus, Etc.",Yankee Hotel Foxtrot
Wilco,My Darling,Summerteeth
Wilco,Outtasite (Outta Mind),Being There
Wilco,Passenger Side,A.M.
Wild Flag,Future Crimes,Wild Flag
Wild Flag,Romance,Wild Flag
Wipers,Return Of The Rat,Is This Real?
Wire,Dot Dash,Pink Flag
Wire,Lowdown,Pink Flag
Wire,Mannequin,Pink Flag
Wire,Mr. Suit,Pink Flag
Wire,Outdoor Miner,Chairs Missing
Wolf Parade,I'll Believe In Anything,Apologies To The Queen Mary
Wonder Years,Came Out Swinging,Suburbia I've Given You All And Now I'm Nothing
World Is A Beautiful Place & I Am No Longer Afraid To Die,Fightboat,"Whenever, If Ever"
Wreckless Eric,Whole Wide World,Wreckless Eric
Wye Oak,Civilian,Civilian
Wye Oak,I Hope You Die,My Neighbor / My Creator
X,I Must Not Think Bad Thoughts,More Fun In The New World
X,Los Angeles,Los Angeles
X,The World's A Mess; It's In My Kiss,Los Angeles
X,True Love,More Fun In The New World
X,We're Desperate,Wild Gift
X,"Your Phone's Off The Hook, But You're Not",Los Angeles
X-Ray Spex,Genetic Engineering,Germ-Free Adolescents
X-Ray Spex,I Am A Poseur,Germ-Free Adolescents
X-Ray Spex,I Live Off You,Germ-Free Adolescents
X-Ray Spex,Identity,Germ-Free Adolescents
X-Ray Spex,Oh Bondage Up Yours!,Germ-Free Adolescents
X-Ray Spex,The Day The World Turned Day-Glo,Germ-Free Adolescents
XETAS,The Tether,The Redeemer
Xiu Xiu,Falling (by Julee Cruise),Plays The Music Of Twin Peaks
XTC,Earn Enough For Us,Skylarking
XTC,I'm The Man Who Murdered Love,"Wasp Star (Apple Venus, Vol. 2)"
XTC,Making Plans For Nigel,Waxworks
XTC,Sgt. Rock (Is Going To Help Me),Black Sea
XTC,This Is Pop?,Waxworks
XTC,We're All Light,"Wasp Star (Apple Venus, Vol. 2)"
XX,Islands,XX
YACHT,Psychic City (Voodoo City),See Mystery Lights
Yeah Yeah Yeahs,Art Star,Yeah Yeah Yeahs EP
Yeah Yeah Yeahs,Black Tongue,Fever To Tell
Yeah Yeah Yeahs,Date With The Night,Fever To Tell
Yeah Yeah Yeahs,Maps,Fever To Tell
Yeah Yeah Yeahs,Miles Away,Yeah Yeah Yeahs EP
Yeah Yeah Yeahs,Mystery Girl,Yeah Yeah Yeahs EP
Yeah Yeah Yeahs,Our Time,Yeah Yeah Yeahs EP
Yo La Tengo,Autumn Sweater,I Can Hear The Heart Beating As One
Yo La Tengo,Big Day Coming (loud),Painful
Yo La Tengo,Cherry Chapstick,And Then Nothing Turned Itself Inside Out
Yo La Tengo,Dreaming (by Blondie),Freedom Of Choice comp.
Yo La Tengo,Little Honda (by The Beach Boys),I Can Hear The Heart Beating As One
Yo La Tengo,My Little Corner Of The World (by Anita Bryant),I Can Hear The Heart Beating As One
Yo La Tengo,Our Way To Fall,And Then Nothing Turned Itself Inside Out
Yo La Tengo,Sugarcube,I Can Hear The Heart Beating As One
Yo La Tengo,Tom Courtenay,Electr-O-Pura
Yo La Tengo,You Can Have It All (by George McCrae),And Then Nothing Turned Itself Inside Out
"Young, Lola",Conceited,This Wasn't Meant For You Anyway
Youth Brigade,Sound And Fury,Out Of Print
Zen Guerrilla,Moonage Daydream (by David Bowie),Trance States In Tongues
"Zombies, The",I Got My Mojo Working (by Muddy Waters),The Zombies
